"","medical_centre","drugs","NIC_per_Total","med_strength","lat","lon"
"1","ALTRINCHAM MEDICAL PRACTICE","Omeprazole_Cap E/C 10mg",0.0292857,"10mg",53.38451,-2.351614
"2","BARRINGTON MEDICAL CENTRE","Omeprazole_Cap E/C 10mg",0.0292857,"10mg",53.395191,-2.35098
"3","BARRINGTON MEDICAL CENTRE","Omeprazole_Tab Disper 10mg (E/C Pellets)",0.3321429,"10mg",53.395191,-2.35098
"4","BODMIN ROAD HEALTH CENTRE","Omeprazole_Cap E/C 10mg",0.0292857,"10mg",53.428123,-2.351718
"5","BODMIN ROAD HEALTH CENTRE","Omeprazole_Tab Disper 10mg (E/C Pellets)",0.3321429,"10mg",53.428123,-2.351718
"6","BODMIN ROAD HEALTH CENTRE","Omeprazole_Tab E/C 10mg",0.2821429,"10mg",53.428123,-2.351718
"7","BOUNDARY HOUSE MEDICAL CENTRE","Omeprazole_Cap E/C 10mg",0.0292857,"10mg",53.415635,-2.288936
"8","BOUNDARY HOUSE MEDICAL CENTRE","Rabeprazole Sod_Tab E/C 10mg",0.0396429,"10mg",53.415635,-2.288936
"9","BROOKS BAR MEDICAL CENTRE","Omeprazole_Cap E/C 10mg",0.0292857,"10mg",53.459478,-2.258524
"10","BROOKS BAR MEDICAL CENTRE","Omeprazole_Tab E/C 10mg",0.2821429,"10mg",53.459478,-2.258524
"11","CONWAY ROAD MEDICAL PRACTICE","Omeprazole_Cap E/C 10mg",0.02942856,"10mg",53.417873,-2.303561
"12","CONWAY ROAD MEDICAL PRACTICE","Omeprazole_Tab Disper 10mg (E/C Pellets)",0.3321429,"10mg",53.417873,-2.303561
"13","CONWAY ROAD MEDICAL PRACTICE","Rabeprazole Sod_Tab E/C 10mg",0.04,"10mg",53.417873,-2.303561
"14","DAVYHULME MEDICAL CENTRE","Losec MUPS_Tab Disper 10mg (E/C Pellets)",0.3321429,"10mg",53.459483,-2.366782
"15","DAVYHULME MEDICAL CENTRE","Omeprazole_Cap E/C 10mg",0.029464275,"10mg",53.459483,-2.366782
"16","DAVYHULME MEDICAL CENTRE","Omeprazole_Tab Disper 10mg (E/C Pellets)",0.3321429,"10mg",53.459483,-2.366782
"17","DAVYHULME MEDICAL CENTRE","Rabeprazole Sod_Tab E/C 10mg",0.0397619333333333,"10mg",53.459483,-2.366782
"18","DELAMERE MEDICAL PRACTICE","Losec MUPS_Tab Disper 10mg (E/C Pellets)",0.3321429,"10mg",53.450887,-2.307365
"19","DELAMERE MEDICAL PRACTICE","Omeprazole_Cap E/C 10mg",0.029464275,"10mg",53.450887,-2.307365
"20","DELAMERE MEDICAL PRACTICE","Omeprazole_Oral Susp 10mg/5ml",0.2526667,"10mg",53.450887,-2.307365
"21","DELAMERE MEDICAL PRACTICE","Omeprazole_Tab Disper 10mg (E/C Pellets)",0.3321429,"10mg",53.450887,-2.307365
"22","DELAMERE MEDICAL PRACTICE","Rabeprazole Sod_Tab E/C 10mg",0.0396429,"10mg",53.450887,-2.307365
"23","DERBYSHIRE ROAD SOUTH SURGERY","Omeprazole_Cap E/C 10mg",0.0292857,"10mg",53.416957,-2.310144
"24","DERBYSHIRE ROAD SOUTH SURGERY","Rabeprazole Sod_Tab E/C 10mg",0.0396429,"10mg",53.416957,-2.310144
"25","FAMILY SURGERY","Esomeprazole_Gran Sach G/R 10mg",0.8996429,"10mg",53.396194,-2.346055
"26","FAMILY SURGERY","Omeprazole_Cap E/C 10mg",0.0292857,"10mg",53.396194,-2.346055
"27","FIRSWAY HEALTH CENTRE","Omeprazole_Cap E/C 10mg",0.0292857,"10mg",53.421289,-2.355468
"28","FIRSWAY HEALTH CENTRE","Omeprazole_Tab Disper 10mg (E/C Pellets)",0.3321429,"10mg",53.421289,-2.355468
"29","FIRSWAY HEALTH CENTRE","Rabeprazole Sod_Tab E/C 10mg",0.0396429,"10mg",53.421289,-2.355468
"30","FLIXTON ROAD MEDICAL CENTRE","Omeprazole_Cap E/C 10mg",0.02964285,"10mg",53.448267,-2.362664
"31","FLIXTON ROAD MEDICAL CENTRE","Omeprazole_Tab Disper 10mg (E/C Pellets)",0.3321429,"10mg",53.448267,-2.362664
"32","FLIXTON ROAD MEDICAL CENTRE","Rabeprazole Sod_Tab E/C 10mg",0.0396429,"10mg",53.448267,-2.362664
"33","GLOUCESTER HOUSE MEDICAL CENTRE","Esomeprazole_Gran Sach G/R 10mg",0.8996429,"10mg",53.447337,-2.352599
"34","GLOUCESTER HOUSE MEDICAL CENTRE","Omeprazole_Cap E/C 10mg",0.0295238,"10mg",53.447337,-2.352599
"35","GORSE HILL MEDICAL CENTRE","Omeprazole_Cap E/C 10mg",0.029464275,"10mg",53.455651,-2.296647
"36","GORSE HILL MEDICAL CENTRE","Omeprazole_Tab E/C 10mg",0.2821429,"10mg",53.455651,-2.296647
"37","GORSE HILL MEDICAL CENTRE","Rabeprazole Sod_Tab E/C 10mg",0.04,"10mg",53.455651,-2.296647
"38","GROVE MEDICAL PRACTICE","Omeprazole_Cap E/C 10mg",0.029464275,"10mg",53.397228,-2.323566
"39","GROVE MEDICAL PRACTICE","Omeprazole_Tab Disper 10mg (E/C Pellets)",0.3321429,"10mg",53.397228,-2.323566
"40","LOSTOCK MEDICAL CENTRE","Omeprazole_Cap E/C 10mg",0.0295238,"10mg",53.45458,-2.328128
"41","NORTH TRAFFORD GROUP PRACTICE","Omeprazole_Cap E/C 10mg",0.0292857,"10mg",53.453882,-2.299481
"42","NORTH TRAFFORD GROUP PRACTICE","Omeprazole_Tab Disper 10mg (E/C Pellets)",0.3321429,"10mg",53.453882,-2.299481
"43","OLD TRAFFORD MEDICAL PRACTICE","Omeprazole_Cap E/C 10mg",0.0292857,"10mg",53.458074,-2.275745
"44","OLD TRAFFORD MEDICAL PRACTICE","Omeprazole_Oral Susp 10mg/5ml",0.1771429,"10mg",53.458074,-2.275745
"45","PARK MEDICAL PRACTICE","Omeprazole_Cap E/C 10mg",0.02964285,"10mg",53.401899,-2.327843
"46","PARK MEDICAL PRACTICE","Omeprazole_Tab Disper 10mg (E/C Pellets)",0.3321429,"10mg",53.401899,-2.327843
"47","PARTINGTON CENTRAL SURGERY","Omeprazole_Cap E/C 10mg",0.029464275,"10mg",53.416781,-2.425016
"48","PARTINGTON FAMILY PRACTICE","Omeprazole_Cap E/C 10mg",0.0295238,"10mg",53.417437,-2.425053
"49","PARTINGTON FAMILY PRACTICE","Omeprazole_Oral Susp 10mg/5ml",0.1713333,"10mg",53.417437,-2.425053
"50","PARTINGTON FAMILY PRACTICE","Omeprazole_Tab Disper 10mg (E/C Pellets)",0.3321429,"10mg",53.417437,-2.425053
"51","PARTINGTON FAMILY PRACTICE","Rabeprazole Sod_Tab E/C 10mg",0.0396429,"10mg",53.417437,-2.425053
"52","PRIMROSE SURGERY","Omeprazole_Cap E/C 10mg",0.029464275,"10mg",53.456159,-2.357311
"53","PRIMROSE SURGERY","Omeprazole_Oral Susp 10mg/5ml",0.4153333,"10mg",53.456159,-2.357311
"54","RIDDINGS FAMILY HEALTH CENTRE","Omeprazole_Cap E/C 10mg",0.0292857,"10mg",53.404424,-2.331291
"55","SHAY LANE MEDICAL CENTRE (KELMAN)","Omeprazole_Cap E/C 10mg",0.0292857,"10mg",53.372189,-2.31556
"56","SHAY LANE MEDICAL CENTRE (PATEL)","Omeprazole_Cap E/C 10mg",0.0292857,"10mg",53.372189,-2.31556
"57","ST JOHNS MEDICAL CENTRE","Esomeprazole_Gran Sach G/R 10mg",0.8996429,"10mg",53.38276,-2.353809
"58","ST JOHNS MEDICAL CENTRE","Losec MUPS_Tab Disper 10mg (E/C Pellets)",0.3321429,"10mg",53.38276,-2.353809
"59","ST JOHNS MEDICAL CENTRE","Omeprazole_Cap E/C 10mg",0.0294126833333333,"10mg",53.38276,-2.353809
"60","ST JOHNS MEDICAL CENTRE","Omeprazole_Tab Disper 10mg (E/C Pellets)",0.3321429,"10mg",53.38276,-2.353809
"61","ST JOHNS MEDICAL CENTRE","Pariet_Tab E/C 10mg",0.2071429,"10mg",53.38276,-2.353809
"62","ST JOHNS MEDICAL CENTRE","Rabeprazole Sod_Tab E/C 10mg",0.0396429,"10mg",53.38276,-2.353809
"63","TIMPERLEY HEALTH CENTRE (WESTWOOD)","Omeprazole_Cap E/C 10mg",0.0292857,"10mg",53.397228,-2.323566
"64","TRAFFORD HEALTH CENTRE","Omeprazole_Cap E/C 10mg",0.0292857,"10mg",53.45406,-2.370681
"65","TRAFFORD HEALTH CENTRE","Omeprazole_Tab Disper 10mg (E/C Pellets)",0.3321429,"10mg",53.45406,-2.370681
"66","TRAFFORD HEALTH CENTRE WIC","Omeprazole_Cap E/C 10mg",0.0292857,"10mg",53.45406,-2.370681
"67","URMSTON GROUP PRACTICE","Omeprazole_Cap E/C 10mg",0.029464275,"10mg",53.452491,-2.394066
"68","URMSTON GROUP PRACTICE","Omeprazole_Oral Susp 10mg/5ml",0.2933333,"10mg",53.452491,-2.394066
"69","URMSTON GROUP PRACTICE","Omeprazole_Tab Disper 10mg (E/C Pellets)",0.3321429,"10mg",53.452491,-2.394066
"70","VILLAGE SURGERY","Losec_Cap E/C 10mg",0.3985714,"10mg",53.397228,-2.323566
"71","VILLAGE SURGERY","Omeprazole_Cap E/C 10mg",0.0292857,"10mg",53.397228,-2.323566
"72","WASHWAY ROAD MEDICAL CENTRE","Esomeprazole_Gran Sach G/R 10mg",0.8996429,"10mg",53.422516,-2.328288
"73","WASHWAY ROAD MEDICAL CENTRE","Omeprazole_Cap E/C 10mg",0.0292857,"10mg",53.422516,-2.328288
"74","WASHWAY ROAD MEDICAL CENTRE","Omeprazole_Tab Disper 10mg (E/C Pellets)",0.3321429,"10mg",53.422516,-2.328288
"75","WASHWAY ROAD MEDICAL CENTRE","Rabeprazole Sod_Tab E/C 10mg",0.0396429,"10mg",53.422516,-2.328288
"76","WEST TIMPERLEY MEDICAL CENTRE","Omeprazole_Cap E/C 10mg",0.0292857,"10mg",53.402699,-2.353117
"77","WEST TIMPERLEY MEDICAL CENTRE","Omeprazole_Tab Disper 10mg (E/C Pellets)",0.3321429,"10mg",53.402699,-2.353117
"78","WEST TIMPERLEY MEDICAL CENTRE","Rabeprazole Sod_Tab E/C 10mg",0.0396429,"10mg",53.402699,-2.353117
"79","ALTRINCHAM MEDICAL PRACTICE","Ranitidine HCl_Tab 150mg",0.0178503,"150mg",53.38451,-2.351614
"80","ALTRINCHAM MEDICAL PRACTICE","Ranitidine HCl_Tab Eff 150mg",0.5831667,"150mg",53.38451,-2.351614
"81","BARRINGTON MEDICAL CENTRE","Ranitidine HCl_Tab 150mg",0.0177579166666667,"150mg",53.395191,-2.35098
"82","BODMIN ROAD HEALTH CENTRE","Ranitidine HCl_Tab 150mg",0.0178491666666667,"150mg",53.428123,-2.351718
"83","BODMIN ROAD HEALTH CENTRE","Zantac_Tab 150mg",0.0216964,"150mg",53.428123,-2.351718
"84","BOUNDARY HOUSE MEDICAL CENTRE","Ranitidine HCl_Tab 150mg",0.0178452,"150mg",53.415635,-2.288936
"85","BROOKS BAR MEDICAL CENTRE","Ranitidine HCl_Tab 150mg",0.0177301333333333,"150mg",53.459478,-2.258524
"86","CONWAY ROAD MEDICAL PRACTICE","Ranitidine HCl_Tab 150mg",0.0177652857142857,"150mg",53.417873,-2.303561
"87","DAVYHULME MEDICAL CENTRE","Ranitidine HCl_Oral Soln 150mg/5ml S/F",0.0498,"150mg",53.459483,-2.366782
"88","DAVYHULME MEDICAL CENTRE","Ranitidine HCl_Tab 150mg",0.0178491666666667,"150mg",53.459483,-2.366782
"89","DELAMERE MEDICAL PRACTICE","Nizatidine_Cap 150mg",0.13,"150mg",53.450887,-2.307365
"90","DELAMERE MEDICAL PRACTICE","Ranitidine HCl_Tab 150mg",0.0177797375,"150mg",53.450887,-2.307365
"91","DERBYSHIRE ROAD SOUTH SURGERY","Ranitidine HCl_Tab 150mg",0.017880925,"150mg",53.416957,-2.310144
"92","FAMILY SURGERY","Ranitidine HCl_Tab 150mg",0.0178491666666667,"150mg",53.396194,-2.346055
"93","FIRSWAY HEALTH CENTRE","Ranitidine HCl_Tab 150mg",0.0179025,"150mg",53.421289,-2.355468
"94","FIRSWAY HEALTH CENTRE","Ranitidine HCl_Tab Eff 150mg",0.5831667,"150mg",53.421289,-2.355468
"95","FLIXTON ROAD MEDICAL CENTRE","Ranitidine HCl_Oral Soln 150mg/5ml S/F",0.0498,"150mg",53.448267,-2.362664
"96","FLIXTON ROAD MEDICAL CENTRE","Ranitidine HCl_Tab 150mg",0.0178491666666667,"150mg",53.448267,-2.362664
"97","FLIXTON ROAD MEDICAL CENTRE","Zantac_Tab 150mg",0.0216071,"150mg",53.448267,-2.362664
"98","GLOUCESTER HOUSE MEDICAL CENTRE","Ranitidine HCl_Tab 150mg",0.0177732285714286,"150mg",53.447337,-2.352599
"99","GORSE HILL MEDICAL CENTRE","Ranitidine HCl_Oral Soln 150mg/5ml S/F",0.0498,"150mg",53.455651,-2.296647
"100","GORSE HILL MEDICAL CENTRE","Ranitidine HCl_Tab 150mg",0.01775395,"150mg",53.455651,-2.296647
"101","GROVE MEDICAL PRACTICE","Ranitidine HCl_Tab 150mg",0.0178491666666667,"150mg",53.397228,-2.323566
"102","LOSTOCK MEDICAL CENTRE","Ranitidine HCl_Tab 150mg",0.01785234,"150mg",53.45458,-2.328128
"103","LOSTOCK MEDICAL CENTRE","Zantac_Tab 150mg",0.0216071,"150mg",53.45458,-2.328128
"104","NORTH TRAFFORD GROUP PRACTICE","Ranitidine HCl_Oral Soln 150mg/5ml S/F",0.0498,"150mg",53.453882,-2.299481
"105","NORTH TRAFFORD GROUP PRACTICE","Ranitidine HCl_Tab 150mg",0.0178752571428571,"150mg",53.453882,-2.299481
"106","OLD TRAFFORD MEDICAL PRACTICE","Ranitidine HCl_Tab 150mg",0.01787616,"150mg",53.458074,-2.275745
"107","PARK MEDICAL PRACTICE","Ranitidine HCl_Tab 150mg",0.0178491666666667,"150mg",53.401899,-2.327843
"108","PARTINGTON CENTRAL SURGERY","Ranitidine HCl_Tab 150mg",0.0177720857142857,"150mg",53.416781,-2.425016
"109","PARTINGTON FAMILY PRACTICE","Ranitidine HCl_Tab 150mg",0.0177579166666667,"150mg",53.417437,-2.425053
"110","PRIMROSE SURGERY","Ranitidine HCl_Tab 150mg",0.01778425,"150mg",53.456159,-2.357311
"111","PRIMROSE SURGERY","Ranitidine HCl_Tab Eff 150mg",0.5833333,"150mg",53.456159,-2.357311
"112","RIDDINGS FAMILY HEALTH CENTRE","Ranitidine HCl_Tab 150mg",0.0178452,"150mg",53.404424,-2.331291
"113","SHAY LANE MEDICAL CENTRE (KELMAN)","Nizatidine_Cap 150mg",0.13,"150mg",53.372189,-2.31556
"114","SHAY LANE MEDICAL CENTRE (KELMAN)","Ranitidine HCl_Oral Soln 150mg/5ml S/F",0.0498,"150mg",53.372189,-2.31556
"115","SHAY LANE MEDICAL CENTRE (KELMAN)","Ranitidine HCl_Tab 150mg",0.0178678166666667,"150mg",53.372189,-2.31556
"116","SHAY LANE MEDICAL CENTRE (PATEL)","Ranitidine HCl_Tab 150mg",0.0178729875,"150mg",53.372189,-2.31556
"117","ST JOHNS MEDICAL CENTRE","Ranitidine HCl_Tab 150mg",0.0178595,"150mg",53.38276,-2.353809
"118","TIMPERLEY HEALTH CENTRE (WESTWOOD)","Ranitidine HCl_Tab 150mg",0.0178587,"150mg",53.397228,-2.323566
"119","TRAFFORD HEALTH CENTRE","Ranitidine HCl_Oral Soln 150mg/5ml S/F",0.0498,"150mg",53.45406,-2.370681
"120","TRAFFORD HEALTH CENTRE","Ranitidine HCl_Tab 150mg",0.0178782833333333,"150mg",53.45406,-2.370681
"121","TRAFFORD HEALTH CENTRE","Ranitidine HCl_Tab Eff 150mg",0.5831667,"150mg",53.45406,-2.370681
"122","URMSTON GROUP PRACTICE","Nizatidine_Cap 150mg",0.13,"150mg",53.452491,-2.394066
"123","URMSTON GROUP PRACTICE","Ranitidine HCl_Oral Soln 150mg/5ml S/F",0.0498,"150mg",53.452491,-2.394066
"124","URMSTON GROUP PRACTICE","Ranitidine HCl_Tab 150mg",0.0178786571428571,"150mg",53.452491,-2.394066
"125","URMSTON GROUP PRACTICE","Ranitidine HCl_Tab Eff 150mg",0.5831667,"150mg",53.452491,-2.394066
"126","VILLAGE SURGERY","Ranitidine HCl_Tab 150mg",0.0178729833333333,"150mg",53.397228,-2.323566
"127","WASHWAY ROAD MEDICAL CENTRE","Nizatidine_Cap 150mg",0.13,"150mg",53.422516,-2.328288
"128","WASHWAY ROAD MEDICAL CENTRE","Ranitidine HCl_Tab 150mg",0.0177482714285714,"150mg",53.422516,-2.328288
"129","WEST TIMPERLEY MEDICAL CENTRE","Ranitidine HCl_Tab 150mg",0.01787616,"150mg",53.402699,-2.353117
"130","WEST TIMPERLEY MEDICAL CENTRE","Zantac_Tab 150mg",0.0216071,"150mg",53.402699,-2.353117
"131","ALTRINCHAM MEDICAL PRACTICE","Lansoprazole_Cap 15mg (E/C Gran)",0.0271429,"15mg",53.38451,-2.351614
"132","ALTRINCHAM MEDICAL PRACTICE","Lansoprazole_Orodisper Tab 15mg",0.1038095,"15mg",53.38451,-2.351614
"133","BARRINGTON MEDICAL CENTRE","Lansoprazole_Cap 15mg (E/C Gran)",0.0272024166666667,"15mg",53.395191,-2.35098
"134","BODMIN ROAD HEALTH CENTRE","Lansoprazole_Cap 15mg (E/C Gran)",0.0272024166666667,"15mg",53.428123,-2.351718
"135","BOUNDARY HOUSE MEDICAL CENTRE","Lansoprazole_Cap 15mg (E/C Gran)",0.0271429,"15mg",53.415635,-2.288936
"136","BOUNDARY HOUSE MEDICAL CENTRE","Lansoprazole_Orodisper Tab 15mg",0.1042857,"15mg",53.415635,-2.288936
"137","BROOKS BAR MEDICAL CENTRE","Lansoprazole_Cap 15mg (E/C Gran)",0.0271429,"15mg",53.459478,-2.258524
"138","BROOKS BAR MEDICAL CENTRE","Lansoprazole_Orodisper Tab 15mg",0.1042857,"15mg",53.459478,-2.258524
"139","CONWAY ROAD MEDICAL PRACTICE","Lansoprazole_Cap 15mg (E/C Gran)",0.0271204,"15mg",53.417873,-2.303561
"140","DAVYHULME MEDICAL CENTRE","Lansoprazole_Cap 15mg (E/C Gran)",0.0271429,"15mg",53.459483,-2.366782
"141","DAVYHULME MEDICAL CENTRE","Lansoprazole_Orodisper Tab 15mg",0.1035714,"15mg",53.459483,-2.366782
"142","DELAMERE MEDICAL PRACTICE","Lansoprazole_Cap 15mg (E/C Gran)",0.0271429,"15mg",53.450887,-2.307365
"143","DELAMERE MEDICAL PRACTICE","Lansoprazole_Orodisper Tab 15mg",0.1035714,"15mg",53.450887,-2.307365
"144","DELAMERE MEDICAL PRACTICE","Zoton_FasTab Tab 15mg",0.1067857,"15mg",53.450887,-2.307365
"145","DERBYSHIRE ROAD SOUTH SURGERY","Lansoprazole_Cap 15mg (E/C Gran)",0.0271429,"15mg",53.416957,-2.310144
"146","DERBYSHIRE ROAD SOUTH SURGERY","Lansoprazole_Orodisper Tab 15mg",0.10392855,"15mg",53.416957,-2.310144
"147","FAMILY SURGERY","Lansoprazole_Cap 15mg (E/C Gran)",0.02721432,"15mg",53.396194,-2.346055
"148","FAMILY SURGERY","Lansoprazole_Orodisper Tab 15mg",0.1035714,"15mg",53.396194,-2.346055
"149","FIRSWAY HEALTH CENTRE","Lansoprazole_Cap 15mg (E/C Gran)",0.02709825,"15mg",53.421289,-2.355468
"150","FIRSWAY HEALTH CENTRE","Lansoprazole_Orodisper Tab 15mg",0.1035714,"15mg",53.421289,-2.355468
"151","FLIXTON ROAD MEDICAL CENTRE","Lansoprazole_Cap 15mg (E/C Gran)",0.0271429,"15mg",53.448267,-2.362664
"152","FLIXTON ROAD MEDICAL CENTRE","Lansoprazole_Orodisper Tab 15mg",0.10392855,"15mg",53.448267,-2.362664
"153","GLOUCESTER HOUSE MEDICAL CENTRE","Lansoprazole_Cap 15mg (E/C Gran)",0.0271429,"15mg",53.447337,-2.352599
"154","GLOUCESTER HOUSE MEDICAL CENTRE","Lansoprazole_Orodisper Tab 15mg",0.1035714,"15mg",53.447337,-2.352599
"155","GLOUCESTER HOUSE MEDICAL CENTRE","Zoton_FasTab Tab 15mg",0.1067857,"15mg",53.447337,-2.352599
"156","GORSE HILL MEDICAL CENTRE","Lansoprazole_Cap 15mg (E/C Gran)",0.02711432,"15mg",53.455651,-2.296647
"157","GORSE HILL MEDICAL CENTRE","Lansoprazole_Orodisper Tab 15mg",0.1035714,"15mg",53.455651,-2.296647
"158","GROVE MEDICAL PRACTICE","Lansoprazole_Cap 15mg (E/C Gran)",0.0271429,"15mg",53.397228,-2.323566
"159","GROVE MEDICAL PRACTICE","Lansoprazole_Orodisper Tab 15mg",0.1035714,"15mg",53.397228,-2.323566
"160","GROVE MEDICAL PRACTICE","Zoton_FasTab Tab 15mg",0.1067857,"15mg",53.397228,-2.323566
"161","LOSTOCK MEDICAL CENTRE","Lansoprazole_Cap 15mg (E/C Gran)",0.0271429,"15mg",53.45458,-2.328128
"162","LOSTOCK MEDICAL CENTRE","Lansoprazole_Orodisper Tab 15mg",0.1035714,"15mg",53.45458,-2.328128
"163","NORTH TRAFFORD GROUP PRACTICE","Lansoprazole_Cap 15mg (E/C Gran)",0.0271429,"15mg",53.453882,-2.299481
"164","OLD TRAFFORD MEDICAL PRACTICE","Lansoprazole_Cap 15mg (E/C Gran)",0.0271429,"15mg",53.458074,-2.275745
"165","PARK MEDICAL PRACTICE","Lansoprazole_Cap 15mg (E/C Gran)",0.0271429,"15mg",53.401899,-2.327843
"166","PARK MEDICAL PRACTICE","Lansoprazole_Orodisper Tab 15mg",0.1038095,"15mg",53.401899,-2.327843
"167","PARTINGTON CENTRAL SURGERY","Lansoprazole_Cap 15mg (E/C Gran)",0.0271429,"15mg",53.416781,-2.425016
"168","PARTINGTON CENTRAL SURGERY","Lansoprazole_Orodisper Tab 15mg",0.1035714,"15mg",53.416781,-2.425016
"169","PARTINGTON FAMILY PRACTICE","Lansoprazole_Cap 15mg (E/C Gran)",0.0271429,"15mg",53.417437,-2.425053
"170","PARTINGTON FAMILY PRACTICE","Lansoprazole_Orodisper Tab 15mg",0.1035714,"15mg",53.417437,-2.425053
"171","PRIMROSE SURGERY","Lansoprazole_Cap 15mg (E/C Gran)",0.0271429,"15mg",53.456159,-2.357311
"172","PRIMROSE SURGERY","Lansoprazole_Orodisper Tab 15mg",0.103831166666667,"15mg",53.456159,-2.357311
"173","RIDDINGS FAMILY HEALTH CENTRE","Lansoprazole_Cap 15mg (E/C Gran)",0.0271429,"15mg",53.404424,-2.331291
"174","SHAY LANE MEDICAL CENTRE (KELMAN)","Lansoprazole_Cap 15mg (E/C Gran)",0.0271429,"15mg",53.372189,-2.31556
"175","SHAY LANE MEDICAL CENTRE (PATEL)","Lansoprazole_Cap 15mg (E/C Gran)",0.0271429,"15mg",53.372189,-2.31556
"176","SHAY LANE MEDICAL CENTRE (PATEL)","Lansoprazole_Orodisper Tab 15mg",0.1035714,"15mg",53.372189,-2.31556
"177","ST JOHNS MEDICAL CENTRE","Lansoprazole_Cap 15mg (E/C Gran)",0.0271429,"15mg",53.38276,-2.353809
"178","ST JOHNS MEDICAL CENTRE","Lansoprazole_Orodisper Tab 15mg",0.10369045,"15mg",53.38276,-2.353809
"179","TIMPERLEY HEALTH CENTRE (WESTWOOD)","Lansoprazole_Cap 15mg (E/C Gran)",0.0271429,"15mg",53.397228,-2.323566
"180","TIMPERLEY HEALTH CENTRE (WESTWOOD)","Lansoprazole_Orodisper Tab 15mg",0.1035714,"15mg",53.397228,-2.323566
"181","TRAFFORD HEALTH CENTRE","Lansoprazole_Cap 15mg (E/C Gran)",0.0271429,"15mg",53.45406,-2.370681
"182","TRAFFORD HEALTH CENTRE","Lansoprazole_Orodisper Tab 15mg",0.1035714,"15mg",53.45406,-2.370681
"183","TRAFFORD HEALTH CENTRE WIC","Lansoprazole_Cap 15mg (E/C Gran)",0.0271429,"15mg",53.45406,-2.370681
"184","URMSTON GROUP PRACTICE","Lansoprazole_Cap 15mg (E/C Gran)",0.0271429,"15mg",53.452491,-2.394066
"185","URMSTON GROUP PRACTICE","Lansoprazole_Orodisper Tab 15mg",0.1035714,"15mg",53.452491,-2.394066
"186","URMSTON GROUP PRACTICE","Zoton_FasTab Tab 15mg",0.1069643,"15mg",53.452491,-2.394066
"187","VILLAGE SURGERY","Lansoprazole_Cap 15mg (E/C Gran)",0.0271429,"15mg",53.397228,-2.323566
"188","VILLAGE SURGERY","Lansoprazole_Orodisper Tab 15mg",0.1035714,"15mg",53.397228,-2.323566
"189","WASHWAY ROAD MEDICAL CENTRE","Lansoprazole_Cap 15mg (E/C Gran)",0.02771432,"15mg",53.422516,-2.328288
"190","WASHWAY ROAD MEDICAL CENTRE","Lansoprazole_Orodisper Tab 15mg",0.1035714,"15mg",53.422516,-2.328288
"191","WEST TIMPERLEY MEDICAL CENTRE","Lansoprazole_Cap 15mg (E/C Gran)",0.0271429,"15mg",53.402699,-2.353117
"192","WEST TIMPERLEY MEDICAL CENTRE","Zoton_FasTab Tab 15mg",0.1067857,"15mg",53.402699,-2.353117
"193","GORSE HILL MEDICAL CENTRE","Sucralfate_Susp 1g/5ml S/F (Old)",1.58332,"1mg",53.455651,-2.296647
"194","DAVYHULME MEDICAL CENTRE","Misoprostol_Tab 200mcg",0.1671429,"200mg",53.459483,-2.366782
"195","ALTRINCHAM MEDICAL PRACTICE","Esomeprazole_Tab E/C 20mg",0.0768254,"20mg",53.38451,-2.351614
"196","ALTRINCHAM MEDICAL PRACTICE","Losec_Cap E/C 20mg",0.5964286,"20mg",53.38451,-2.351614
"197","ALTRINCHAM MEDICAL PRACTICE","Nexium_Tab 20mg",0.6607143,"20mg",53.38451,-2.351614
"198","ALTRINCHAM MEDICAL PRACTICE","Omeprazole_Cap E/C 20mg",0.0297449285714286,"20mg",53.38451,-2.351614
"199","ALTRINCHAM MEDICAL PRACTICE","Omeprazole_Tab Disper 20mg (E/C Pellets)",0.4971429,"20mg",53.38451,-2.351614
"200","ALTRINCHAM MEDICAL PRACTICE","Pantoprazole_Tab E/C 20mg",0.1303571,"20mg",53.38451,-2.351614
"201","ALTRINCHAM MEDICAL PRACTICE","Rabeprazole Sod_Tab E/C 20mg",0.0523809666666667,"20mg",53.38451,-2.351614
"202","BARRINGTON MEDICAL CENTRE","Esomeprazole_Cap E/C 20mg",0.0666667,"20mg",53.395191,-2.35098
"203","BARRINGTON MEDICAL CENTRE","Esomeprazole_Tab E/C 20mg",0.0767857,"20mg",53.395191,-2.35098
"204","BARRINGTON MEDICAL CENTRE","Omeprazole_Cap E/C 20mg",0.0297449285714286,"20mg",53.395191,-2.35098
"205","BARRINGTON MEDICAL CENTRE","Omeprazole_Tab Disper 20mg (E/C Pellets)",0.4971429,"20mg",53.395191,-2.35098
"206","BARRINGTON MEDICAL CENTRE","Omeprazole_Tab E/C 20mg",0.2132143,"20mg",53.395191,-2.35098
"207","BARRINGTON MEDICAL CENTRE","Rabeprazole Sod_Tab E/C 20mg",0.0521429,"20mg",53.395191,-2.35098
"208","BODMIN ROAD HEALTH CENTRE","Esomeprazole_Cap E/C 20mg",0.06678575,"20mg",53.428123,-2.351718
"209","BODMIN ROAD HEALTH CENTRE","Esomeprazole_Tab E/C 20mg",0.07692858,"20mg",53.428123,-2.351718
"210","BODMIN ROAD HEALTH CENTRE","Losec_Cap E/C 20mg",0.5964286,"20mg",53.428123,-2.351718
"211","BODMIN ROAD HEALTH CENTRE","Nexium_Tab 20mg",0.6607143,"20mg",53.428123,-2.351718
"212","BODMIN ROAD HEALTH CENTRE","Omeprazole_Cap E/C 20mg",0.0297425222222222,"20mg",53.428123,-2.351718
"213","BODMIN ROAD HEALTH CENTRE","Omeprazole_Tab Disper 20mg (E/C Pellets)",0.4971429,"20mg",53.428123,-2.351718
"214","BODMIN ROAD HEALTH CENTRE","Omeprazole_Tab E/C 20mg",0.2132143,"20mg",53.428123,-2.351718
"215","BODMIN ROAD HEALTH CENTRE","Pantoprazole_Tab E/C 20mg",0.13,"20mg",53.428123,-2.351718
"216","BOUNDARY HOUSE MEDICAL CENTRE","Esomeprazole_Tab E/C 20mg",0.0768877571428571,"20mg",53.415635,-2.288936
"217","BOUNDARY HOUSE MEDICAL CENTRE","Nexium_Tab 20mg",0.66107145,"20mg",53.415635,-2.288936
"218","BOUNDARY HOUSE MEDICAL CENTRE","Omeprazole_Cap E/C 20mg",0.029750025,"20mg",53.415635,-2.288936
"219","BOUNDARY HOUSE MEDICAL CENTRE","Omeprazole_Tab Disper 20mg (E/C Pellets)",0.4971429,"20mg",53.415635,-2.288936
"220","BOUNDARY HOUSE MEDICAL CENTRE","Pantoprazole_Tab E/C 20mg",0.13017855,"20mg",53.415635,-2.288936
"221","BOUNDARY HOUSE MEDICAL CENTRE","Rabeprazole Sod_Tab E/C 20mg",0.0521429,"20mg",53.415635,-2.288936
"222","BROOKS BAR MEDICAL CENTRE","Esomeprazole_Cap E/C 20mg",0.0664286,"20mg",53.459478,-2.258524
"223","BROOKS BAR MEDICAL CENTRE","Esomeprazole_Tab E/C 20mg",0.0767857,"20mg",53.459478,-2.258524
"224","BROOKS BAR MEDICAL CENTRE","Nexium_Tab 20mg",0.6607143,"20mg",53.459478,-2.258524
"225","BROOKS BAR MEDICAL CENTRE","Omeprazole_Cap E/C 20mg",0.029707575,"20mg",53.459478,-2.258524
"226","BROOKS BAR MEDICAL CENTRE","Omeprazole_Tab Disper 20mg (E/C Pellets)",0.4971429,"20mg",53.459478,-2.258524
"227","BROOKS BAR MEDICAL CENTRE","Omeprazole_Tab E/C 20mg",0.2132143,"20mg",53.459478,-2.258524
"228","BROOKS BAR MEDICAL CENTRE","Pantoprazole_Tab E/C 20mg",0.1303571,"20mg",53.459478,-2.258524
"229","CONWAY ROAD MEDICAL PRACTICE","Esomeprazole_Tab E/C 20mg",0.07685714,"20mg",53.417873,-2.303561
"230","CONWAY ROAD MEDICAL PRACTICE","Omeprazole_Cap E/C 20mg",0.02973515,"20mg",53.417873,-2.303561
"231","CONWAY ROAD MEDICAL PRACTICE","Omeprazole_Tab Disper 20mg (E/C Pellets)",0.4971429,"20mg",53.417873,-2.303561
"232","CONWAY ROAD MEDICAL PRACTICE","Omeprazole_Tab E/C 20mg",0.2132143,"20mg",53.417873,-2.303561
"233","CONWAY ROAD MEDICAL PRACTICE","Pantoprazole_Tab E/C 20mg",0.1303571,"20mg",53.417873,-2.303561
"234","CONWAY ROAD MEDICAL PRACTICE","Rabeprazole Sod_Tab E/C 20mg",0.0523809666666667,"20mg",53.417873,-2.303561
"235","DAVYHULME MEDICAL CENTRE","Esomeprazole_Cap E/C 20mg",0.0666667,"20mg",53.459483,-2.366782
"236","DAVYHULME MEDICAL CENTRE","Esomeprazole_Tab E/C 20mg",0.07692858,"20mg",53.459483,-2.366782
"237","DAVYHULME MEDICAL CENTRE","Losec MUPS_Tab Disper 20mg (E/C Pellets)",0.4971429,"20mg",53.459483,-2.366782
"238","DAVYHULME MEDICAL CENTRE","Losec_Cap E/C 20mg",0.5964286,"20mg",53.459483,-2.366782
"239","DAVYHULME MEDICAL CENTRE","Nexium_Tab 20mg",0.6607143,"20mg",53.459483,-2.366782
"240","DAVYHULME MEDICAL CENTRE","Omeprazole_Cap E/C 20mg",0.0297751555555556,"20mg",53.459483,-2.366782
"241","DAVYHULME MEDICAL CENTRE","Omeprazole_Tab Disper 20mg (E/C Pellets)",0.4971429,"20mg",53.459483,-2.366782
"242","DAVYHULME MEDICAL CENTRE","Omeprazole_Tab E/C 20mg",0.2132143,"20mg",53.459483,-2.366782
"243","DAVYHULME MEDICAL CENTRE","Pantoprazole_Tab E/C 20mg",0.1303571,"20mg",53.459483,-2.366782
"244","DAVYHULME MEDICAL CENTRE","Rabeprazole Sod_Tab E/C 20mg",0.0523809666666667,"20mg",53.459483,-2.366782
"245","DELAMERE MEDICAL PRACTICE","Esomeprazole_Tab E/C 20mg",0.07685714,"20mg",53.450887,-2.307365
"246","DELAMERE MEDICAL PRACTICE","Losec MUPS_Tab Disper 20mg (E/C Pellets)",0.4971429,"20mg",53.450887,-2.307365
"247","DELAMERE MEDICAL PRACTICE","Mezzopram_Tab Disper G/R 20mg",0.3521429,"20mg",53.450887,-2.307365
"248","DELAMERE MEDICAL PRACTICE","Nexium_Tab 20mg",0.6607143,"20mg",53.450887,-2.307365
"249","DELAMERE MEDICAL PRACTICE","Omeprazole_Cap E/C 20mg",0.0297478111111111,"20mg",53.450887,-2.307365
"250","DELAMERE MEDICAL PRACTICE","Omeprazole_Tab Disper 20mg (E/C Pellets)",0.4971429,"20mg",53.450887,-2.307365
"251","DELAMERE MEDICAL PRACTICE","Omeprazole_Tab E/C 20mg",0.2132143,"20mg",53.450887,-2.307365
"252","DELAMERE MEDICAL PRACTICE","Pantoprazole_Tab E/C 20mg",0.1303571,"20mg",53.450887,-2.307365
"253","DELAMERE MEDICAL PRACTICE","Rabeprazole Sod_Tab E/C 20mg",0.0521429,"20mg",53.450887,-2.307365
"254","DERBYSHIRE ROAD SOUTH SURGERY","Esomeprazole_Cap E/C 20mg",0.0664286,"20mg",53.416957,-2.310144
"255","DERBYSHIRE ROAD SOUTH SURGERY","Esomeprazole_Tab E/C 20mg",0.0767857,"20mg",53.416957,-2.310144
"256","DERBYSHIRE ROAD SOUTH SURGERY","Omeprazole_Cap E/C 20mg",0.029732175,"20mg",53.416957,-2.310144
"257","DERBYSHIRE ROAD SOUTH SURGERY","Pantoprazole_Tab E/C 20mg",0.130357133333333,"20mg",53.416957,-2.310144
"258","DERBYSHIRE ROAD SOUTH SURGERY","Rabeprazole Sod_Tab E/C 20mg",0.0521429,"20mg",53.416957,-2.310144
"259","FAMILY SURGERY","Esomeprazole_Tab E/C 20mg",0.0767857,"20mg",53.396194,-2.346055
"260","FAMILY SURGERY","Losec_Cap E/C 20mg",0.5964286,"20mg",53.396194,-2.346055
"261","FAMILY SURGERY","Nexium_Tab 20mg",0.6607143,"20mg",53.396194,-2.346055
"262","FAMILY SURGERY","Omeprazole_Cap E/C 20mg",0.0297619333333333,"20mg",53.396194,-2.346055
"263","FAMILY SURGERY","Omeprazole_Tab Disper 20mg (E/C Pellets)",0.4971429,"20mg",53.396194,-2.346055
"264","FAMILY SURGERY","Omeprazole_Tab E/C 20mg",0.2132143,"20mg",53.396194,-2.346055
"265","FIRSWAY HEALTH CENTRE","Emozul_Cap E/C 20mg",0.0778571,"20mg",53.421289,-2.355468
"266","FIRSWAY HEALTH CENTRE","Esomeprazole_Cap E/C 20mg",0.0664286,"20mg",53.421289,-2.355468
"267","FIRSWAY HEALTH CENTRE","Esomeprazole_Tab E/C 20mg",0.0767857,"20mg",53.421289,-2.355468
"268","FIRSWAY HEALTH CENTRE","Losec_Cap E/C 20mg",0.5964286,"20mg",53.421289,-2.355468
"269","FIRSWAY HEALTH CENTRE","Nexium_Tab 20mg",0.6607143,"20mg",53.421289,-2.355468
"270","FIRSWAY HEALTH CENTRE","Omeprazole_Cap E/C 20mg",0.0297066571428571,"20mg",53.421289,-2.355468
"271","FIRSWAY HEALTH CENTRE","Omeprazole_Tab Disper 20mg (E/C Pellets)",0.4971429,"20mg",53.421289,-2.355468
"272","FIRSWAY HEALTH CENTRE","Omeprazole_Tab E/C 20mg",0.2132143,"20mg",53.421289,-2.355468
"273","FIRSWAY HEALTH CENTRE","Pantoprazole_Tab E/C 20mg",0.1303571,"20mg",53.421289,-2.355468
"274","FLIXTON ROAD MEDICAL CENTRE","Esomeprazole_Cap E/C 20mg",0.0664286,"20mg",53.448267,-2.362664
"275","FLIXTON ROAD MEDICAL CENTRE","Esomeprazole_Tab E/C 20mg",0.07685714,"20mg",53.448267,-2.362664
"276","FLIXTON ROAD MEDICAL CENTRE","Omeprazole_Cap E/C 20mg",0.0296843454545455,"20mg",53.448267,-2.362664
"277","FLIXTON ROAD MEDICAL CENTRE","Omeprazole_Tab Disper 20mg (E/C Pellets)",0.4971429,"20mg",53.448267,-2.362664
"278","FLIXTON ROAD MEDICAL CENTRE","Omeprazole_Tab E/C 20mg",0.2132143,"20mg",53.448267,-2.362664
"279","FLIXTON ROAD MEDICAL CENTRE","Rabeprazole Sod_Tab E/C 20mg",0.0521429,"20mg",53.448267,-2.362664
"280","GLOUCESTER HOUSE MEDICAL CENTRE","Esomeprazole_Cap E/C 20mg",0.06678575,"20mg",53.447337,-2.352599
"281","GLOUCESTER HOUSE MEDICAL CENTRE","Esomeprazole_Tab E/C 20mg",0.0769643,"20mg",53.447337,-2.352599
"282","GLOUCESTER HOUSE MEDICAL CENTRE","Omeprazole_Cap E/C 20mg",0.0297619285714286,"20mg",53.447337,-2.352599
"283","GLOUCESTER HOUSE MEDICAL CENTRE","Omeprazole_Tab Disper 20mg (E/C Pellets)",0.4971429,"20mg",53.447337,-2.352599
"284","GLOUCESTER HOUSE MEDICAL CENTRE","Omeprazole_Tab E/C 20mg",0.2132143,"20mg",53.447337,-2.352599
"285","GLOUCESTER HOUSE MEDICAL CENTRE","Pantoprazole_Tab E/C 20mg",0.1303571,"20mg",53.447337,-2.352599
"286","GLOUCESTER HOUSE MEDICAL CENTRE","Rabeprazole Sod_Tab E/C 20mg",0.0521429,"20mg",53.447337,-2.352599
"287","GORSE HILL MEDICAL CENTRE","Esomeprazole_Cap E/C 20mg",0.0664286,"20mg",53.455651,-2.296647
"288","GORSE HILL MEDICAL CENTRE","Esomeprazole_Tab E/C 20mg",0.0767857,"20mg",53.455651,-2.296647
"289","GORSE HILL MEDICAL CENTRE","Losec_Cap E/C 20mg",0.5964286,"20mg",53.455651,-2.296647
"290","GORSE HILL MEDICAL CENTRE","Omeprazole_Cap E/C 20mg",0.0297959428571429,"20mg",53.455651,-2.296647
"291","GORSE HILL MEDICAL CENTRE","Omeprazole_Tab E/C 20mg",0.2132143,"20mg",53.455651,-2.296647
"292","GORSE HILL MEDICAL CENTRE","Pantoprazole_Tab E/C 20mg",0.1303571,"20mg",53.455651,-2.296647
"293","GORSE HILL MEDICAL CENTRE","Rabeprazole Sod_Tab E/C 20mg",0.0521429,"20mg",53.455651,-2.296647
"294","GROVE MEDICAL PRACTICE","Esomeprazole_Tab E/C 20mg",0.0767857,"20mg",53.397228,-2.323566
"295","GROVE MEDICAL PRACTICE","Omeprazole_Cap E/C 20mg",0.0297619333333333,"20mg",53.397228,-2.323566
"296","GROVE MEDICAL PRACTICE","Omeprazole_Tab Disper 20mg (E/C Pellets)",0.4971429,"20mg",53.397228,-2.323566
"297","GROVE MEDICAL PRACTICE","Omeprazole_Tab E/C 20mg",0.2132143,"20mg",53.397228,-2.323566
"298","GROVE MEDICAL PRACTICE","Pantoprazole_Tab E/C 20mg",0.1303571,"20mg",53.397228,-2.323566
"299","LOSTOCK MEDICAL CENTRE","Esomeprazole_Cap E/C 20mg",0.0664286,"20mg",53.45458,-2.328128
"300","LOSTOCK MEDICAL CENTRE","Esomeprazole_Tab E/C 20mg",0.076875,"20mg",53.45458,-2.328128
"301","LOSTOCK MEDICAL CENTRE","Nexium_Tab 20mg",0.6607143,"20mg",53.45458,-2.328128
"302","LOSTOCK MEDICAL CENTRE","Omeprazole_Cap E/C 20mg",0.02973515,"20mg",53.45458,-2.328128
"303","LOSTOCK MEDICAL CENTRE","Omeprazole_Tab Disper 20mg (E/C Pellets)",0.4971429,"20mg",53.45458,-2.328128
"304","LOSTOCK MEDICAL CENTRE","Pantoprazole_Tab E/C 20mg",0.1303571,"20mg",53.45458,-2.328128
"305","LOSTOCK MEDICAL CENTRE","Rabeprazole Sod_Tab E/C 20mg",0.0525,"20mg",53.45458,-2.328128
"306","NORTH TRAFFORD GROUP PRACTICE","Esomeprazole_Tab E/C 20mg",0.0769047666666667,"20mg",53.453882,-2.299481
"307","NORTH TRAFFORD GROUP PRACTICE","Losec MUPS_Tab Disper 20mg (E/C Pellets)",0.4971429,"20mg",53.453882,-2.299481
"308","NORTH TRAFFORD GROUP PRACTICE","Nexium_Tab 20mg",0.6607143,"20mg",53.453882,-2.299481
"309","NORTH TRAFFORD GROUP PRACTICE","Omeprazole_Cap E/C 20mg",0.02968494,"20mg",53.453882,-2.299481
"310","NORTH TRAFFORD GROUP PRACTICE","Omeprazole_Tab Disper 20mg (E/C Pellets)",0.4971429,"20mg",53.453882,-2.299481
"311","NORTH TRAFFORD GROUP PRACTICE","Pantoprazole_Tab E/C 20mg",0.130238066666667,"20mg",53.453882,-2.299481
"312","NORTH TRAFFORD GROUP PRACTICE","Rabeprazole Sod_Tab E/C 20mg",0.0525,"20mg",53.453882,-2.299481
"313","OLD TRAFFORD MEDICAL PRACTICE","Esomeprazole_Cap E/C 20mg",0.0664286,"20mg",53.458074,-2.275745
"314","OLD TRAFFORD MEDICAL PRACTICE","Esomeprazole_Tab E/C 20mg",0.0767857,"20mg",53.458074,-2.275745
"315","OLD TRAFFORD MEDICAL PRACTICE","Losec_Cap E/C 20mg",0.5964286,"20mg",53.458074,-2.275745
"316","OLD TRAFFORD MEDICAL PRACTICE","Omeprazole_Cap E/C 20mg",0.0297619333333333,"20mg",53.458074,-2.275745
"317","OLD TRAFFORD MEDICAL PRACTICE","Omeprazole_Tab E/C 20mg",0.2132143,"20mg",53.458074,-2.275745
"318","OLD TRAFFORD MEDICAL PRACTICE","Pantoprazole_Tab E/C 20mg",0.1303571,"20mg",53.458074,-2.275745
"319","PARK MEDICAL PRACTICE","Emozul_Cap E/C 20mg",0.0778571,"20mg",53.401899,-2.327843
"320","PARK MEDICAL PRACTICE","Esomeprazole_Tab E/C 20mg",0.0767857,"20mg",53.401899,-2.327843
"321","PARK MEDICAL PRACTICE","Omeprazole_Cap E/C 20mg",0.02968812,"20mg",53.401899,-2.327843
"322","PARK MEDICAL PRACTICE","Omeprazole_Oral Susp 20mg/5ml",0.3602667,"20mg",53.401899,-2.327843
"323","PARK MEDICAL PRACTICE","Omeprazole_Tab Disper 20mg (E/C Pellets)",0.497118266666667,"20mg",53.401899,-2.327843
"324","PARK MEDICAL PRACTICE","Omeprazole_Tab E/C 20mg",0.2132143,"20mg",53.401899,-2.327843
"325","PARK MEDICAL PRACTICE","Pantoprazole_Tab E/C 20mg",0.1304464,"20mg",53.401899,-2.327843
"326","PARK MEDICAL PRACTICE","Rabeprazole Sod_Tab E/C 20mg",0.0521429,"20mg",53.401899,-2.327843
"327","PARTINGTON CENTRAL SURGERY","Esomeprazole_Tab E/C 20mg",0.0767857,"20mg",53.416781,-2.425016
"328","PARTINGTON CENTRAL SURGERY","Omeprazole_Cap E/C 20mg",0.0297483285714286,"20mg",53.416781,-2.425016
"329","PARTINGTON CENTRAL SURGERY","Omeprazole_Tab Disper 20mg (E/C Pellets)",0.4971429,"20mg",53.416781,-2.425016
"330","PARTINGTON CENTRAL SURGERY","Rabeprazole Sod_Tab E/C 20mg",0.0521429,"20mg",53.416781,-2.425016
"331","PARTINGTON FAMILY PRACTICE","Emozul_Cap E/C 20mg",0.0778571,"20mg",53.417437,-2.425053
"332","PARTINGTON FAMILY PRACTICE","Esomeprazole_Cap E/C 20mg",0.0664286,"20mg",53.417437,-2.425053
"333","PARTINGTON FAMILY PRACTICE","Esomeprazole_Tab E/C 20mg",0.0767857,"20mg",53.417437,-2.425053
"334","PARTINGTON FAMILY PRACTICE","Nexium_Tab 20mg",0.6607143,"20mg",53.417437,-2.425053
"335","PARTINGTON FAMILY PRACTICE","Omeprazole_Cap E/C 20mg",0.0297582,"20mg",53.417437,-2.425053
"336","PARTINGTON FAMILY PRACTICE","Omeprazole_Tab Disper 20mg (E/C Pellets)",0.4971429,"20mg",53.417437,-2.425053
"337","PARTINGTON FAMILY PRACTICE","Pantoprazole_Tab E/C 20mg",0.13,"20mg",53.417437,-2.425053
"338","PARTINGTON FAMILY PRACTICE","Rabeprazole Sod_Tab E/C 20mg",0.0521429,"20mg",53.417437,-2.425053
"339","PRIMROSE SURGERY","Esomeprazole_Cap E/C 20mg",0.0664286,"20mg",53.456159,-2.357311
"340","PRIMROSE SURGERY","Esomeprazole_Tab E/C 20mg",0.0769047666666667,"20mg",53.456159,-2.357311
"341","PRIMROSE SURGERY","Omeprazole_Cap E/C 20mg",0.0297619333333333,"20mg",53.456159,-2.357311
"342","PRIMROSE SURGERY","Omeprazole_Tab Disper 20mg (E/C Pellets)",0.4971429,"20mg",53.456159,-2.357311
"343","PRIMROSE SURGERY","Pantoprazole_Tab E/C 20mg",0.1303571,"20mg",53.456159,-2.357311
"344","PRIMROSE SURGERY","Rabeprazole Sod_Tab E/C 20mg",0.0521429,"20mg",53.456159,-2.357311
"345","RIDDINGS FAMILY HEALTH CENTRE","Emozul_Cap E/C 20mg",0.0778571,"20mg",53.404424,-2.331291
"346","RIDDINGS FAMILY HEALTH CENTRE","Esomeprazole_Tab E/C 20mg",0.0769047666666667,"20mg",53.404424,-2.331291
"347","RIDDINGS FAMILY HEALTH CENTRE","Losec_Cap E/C 20mg",0.5964286,"20mg",53.404424,-2.331291
"348","RIDDINGS FAMILY HEALTH CENTRE","Omeprazole_Cap E/C 20mg",0.02982145,"20mg",53.404424,-2.331291
"349","RIDDINGS FAMILY HEALTH CENTRE","Omeprazole_Tab Disper 20mg (E/C Pellets)",0.4971429,"20mg",53.404424,-2.331291
"350","RIDDINGS FAMILY HEALTH CENTRE","Pantoprazole_Tab E/C 20mg",0.1303571,"20mg",53.404424,-2.331291
"351","RIDDINGS FAMILY HEALTH CENTRE","Rabeprazole Sod_Tab E/C 20mg",0.0521429,"20mg",53.404424,-2.331291
"352","SHAY LANE MEDICAL CENTRE (KELMAN)","Esomeprazole_Cap E/C 20mg",0.0671429,"20mg",53.372189,-2.31556
"353","SHAY LANE MEDICAL CENTRE (KELMAN)","Esomeprazole_Tab E/C 20mg",0.0767857,"20mg",53.372189,-2.31556
"354","SHAY LANE MEDICAL CENTRE (KELMAN)","Nexium_Tab 20mg",0.6607143,"20mg",53.372189,-2.31556
"355","SHAY LANE MEDICAL CENTRE (KELMAN)","Omeprazole_Cap E/C 20mg",0.0297436076923077,"20mg",53.372189,-2.31556
"356","SHAY LANE MEDICAL CENTRE (KELMAN)","Omeprazole_Oral Susp 20mg/5ml",0.3602667,"20mg",53.372189,-2.31556
"357","SHAY LANE MEDICAL CENTRE (KELMAN)","Pantoprazole_Tab E/C 20mg",0.1303571,"20mg",53.372189,-2.31556
"358","SHAY LANE MEDICAL CENTRE (KELMAN)","Rabeprazole Sod_Tab E/C 20mg",0.0521429,"20mg",53.372189,-2.31556
"359","SHAY LANE MEDICAL CENTRE (PATEL)","Esomeprazole_Tab E/C 20mg",0.0767857,"20mg",53.372189,-2.31556
"360","SHAY LANE MEDICAL CENTRE (PATEL)","Omeprazole_Cap E/C 20mg",0.029732175,"20mg",53.372189,-2.31556
"361","SHAY LANE MEDICAL CENTRE (PATEL)","Pantoprazole_Tab E/C 20mg",0.13039285,"20mg",53.372189,-2.31556
"362","SHAY LANE MEDICAL CENTRE (PATEL)","Rabeprazole Sod_Tab E/C 20mg",0.0521429,"20mg",53.372189,-2.31556
"363","ST JOHNS MEDICAL CENTRE","Esomeprazole_Tab E/C 20mg",0.0767857,"20mg",53.38276,-2.353809
"364","ST JOHNS MEDICAL CENTRE","Nexium_Tab 20mg",0.6607143,"20mg",53.38276,-2.353809
"365","ST JOHNS MEDICAL CENTRE","Omeprazole_Cap E/C 20mg",0.0297078181818182,"20mg",53.38276,-2.353809
"366","ST JOHNS MEDICAL CENTRE","Omeprazole_Tab Disper 20mg (E/C Pellets)",0.4971429,"20mg",53.38276,-2.353809
"367","ST JOHNS MEDICAL CENTRE","Omeprazole_Tab E/C 20mg",0.2132143,"20mg",53.38276,-2.353809
"368","ST JOHNS MEDICAL CENTRE","Pantoprazole_Tab E/C 20mg",0.1304464,"20mg",53.38276,-2.353809
"369","ST JOHNS MEDICAL CENTRE","Rabeprazole Sod_Tab E/C 20mg",0.0521429,"20mg",53.38276,-2.353809
"370","TIMPERLEY HEALTH CENTRE (WESTWOOD)","Emozul_Cap E/C 20mg",0.0778571,"20mg",53.397228,-2.323566
"371","TIMPERLEY HEALTH CENTRE (WESTWOOD)","Esomeprazole_Cap E/C 20mg",0.0664286,"20mg",53.397228,-2.323566
"372","TIMPERLEY HEALTH CENTRE (WESTWOOD)","Esomeprazole_Tab E/C 20mg",0.0767857,"20mg",53.397228,-2.323566
"373","TIMPERLEY HEALTH CENTRE (WESTWOOD)","Omeprazole_Cap E/C 20mg",0.029732175,"20mg",53.397228,-2.323566
"374","TIMPERLEY HEALTH CENTRE (WESTWOOD)","Omeprazole_Tab Disper 20mg (E/C Pellets)",0.4971429,"20mg",53.397228,-2.323566
"375","TIMPERLEY HEALTH CENTRE (WESTWOOD)","Pantoprazole_Tab E/C 20mg",0.1303571,"20mg",53.397228,-2.323566
"376","TRAFFORD HEALTH CENTRE","Emozul_Cap E/C 20mg",0.0778571,"20mg",53.45406,-2.370681
"377","TRAFFORD HEALTH CENTRE","Esomeprazole_Cap E/C 20mg",0.0664286,"20mg",53.45406,-2.370681
"378","TRAFFORD HEALTH CENTRE","Esomeprazole_Tab E/C 20mg",0.0767857,"20mg",53.45406,-2.370681
"379","TRAFFORD HEALTH CENTRE","Nexium_Tab 20mg",0.6607143,"20mg",53.45406,-2.370681
"380","TRAFFORD HEALTH CENTRE","Omeprazole_Cap E/C 20mg",0.0297959428571429,"20mg",53.45406,-2.370681
"381","TRAFFORD HEALTH CENTRE","Omeprazole_Oral Susp 20mg/5ml",0.3190588,"20mg",53.45406,-2.370681
"382","TRAFFORD HEALTH CENTRE","Omeprazole_Tab Disper 20mg (E/C Pellets)",0.4971429,"20mg",53.45406,-2.370681
"383","TRAFFORD HEALTH CENTRE","Omeprazole_Tab E/C 20mg",0.2132143,"20mg",53.45406,-2.370681
"384","TRAFFORD HEALTH CENTRE","Pantoprazole_Tab E/C 20mg",0.1305357,"20mg",53.45406,-2.370681
"385","TRAFFORD HEALTH CENTRE WIC","Omeprazole_Cap E/C 20mg",0.0298809666666667,"20mg",53.45406,-2.370681
"386","TRAFFORD HEALTH CENTRE WIC","Omeprazole_Tab E/C 20mg",0.2130357,"20mg",53.45406,-2.370681
"387","URMSTON GROUP PRACTICE","Emozul_Cap E/C 20mg",0.0778571,"20mg",53.452491,-2.394066
"388","URMSTON GROUP PRACTICE","Esomeprazole_Tab E/C 20mg",0.07685714,"20mg",53.452491,-2.394066
"389","URMSTON GROUP PRACTICE","Losec MUPS_Tab Disper 20mg (E/C Pellets)",0.4971429,"20mg",53.452491,-2.394066
"390","URMSTON GROUP PRACTICE","Losec_Cap E/C 20mg",0.5964286,"20mg",53.452491,-2.394066
"391","URMSTON GROUP PRACTICE","Nexium_Tab 20mg",0.6607143,"20mg",53.452491,-2.394066
"392","URMSTON GROUP PRACTICE","Omeprazole_Cap E/C 20mg",0.02971907,"20mg",53.452491,-2.394066
"393","URMSTON GROUP PRACTICE","Omeprazole_Oral Susp 20mg/5ml",0.1851333,"20mg",53.452491,-2.394066
"394","URMSTON GROUP PRACTICE","Omeprazole_Tab Disper 20mg (E/C Pellets)",0.4971429,"20mg",53.452491,-2.394066
"395","URMSTON GROUP PRACTICE","Omeprazole_Tab E/C 20mg",0.2132143,"20mg",53.452491,-2.394066
"396","URMSTON GROUP PRACTICE","Pantoprazole_Tab E/C 20mg",0.1303571,"20mg",53.452491,-2.394066
"397","URMSTON GROUP PRACTICE","Pariet_Tab E/C 20mg",0.405,"20mg",53.452491,-2.394066
"398","URMSTON GROUP PRACTICE","Rabeprazole Sod_Tab E/C 20mg",0.0521429,"20mg",53.452491,-2.394066
"399","VILLAGE SURGERY","Esomeprazole_Cap E/C 20mg",0.0664286,"20mg",53.397228,-2.323566
"400","VILLAGE SURGERY","Esomeprazole_Tab E/C 20mg",0.0769047666666667,"20mg",53.397228,-2.323566
"401","VILLAGE SURGERY","Losec_Cap E/C 20mg",0.5964286,"20mg",53.397228,-2.323566
"402","VILLAGE SURGERY","Nexium_Tab 20mg",0.6607143,"20mg",53.397228,-2.323566
"403","VILLAGE SURGERY","Omeprazole_Cap E/C 20mg",0.0297619285714286,"20mg",53.397228,-2.323566
"404","VILLAGE SURGERY","Omeprazole_Tab Disper 20mg (E/C Pellets)",0.4971667,"20mg",53.397228,-2.323566
"405","VILLAGE SURGERY","Omeprazole_Tab E/C 20mg",0.2132143,"20mg",53.397228,-2.323566
"406","VILLAGE SURGERY","Pantoprazole_Tab E/C 20mg",0.1303571,"20mg",53.397228,-2.323566
"407","WASHWAY ROAD MEDICAL CENTRE","Esomeprazole_Cap E/C 20mg",0.0664286,"20mg",53.422516,-2.328288
"408","WASHWAY ROAD MEDICAL CENTRE","Esomeprazole_Tab E/C 20mg",0.0769047666666667,"20mg",53.422516,-2.328288
"409","WASHWAY ROAD MEDICAL CENTRE","Losec MUPS_Tab Disper 20mg (E/C Pellets)",0.4971429,"20mg",53.422516,-2.328288
"410","WASHWAY ROAD MEDICAL CENTRE","Losec_Cap E/C 20mg",0.5964286,"20mg",53.422516,-2.328288
"411","WASHWAY ROAD MEDICAL CENTRE","Omeprazole_Cap E/C 20mg",0.0297267545454545,"20mg",53.422516,-2.328288
"412","WASHWAY ROAD MEDICAL CENTRE","Omeprazole_Oral Susp 20mg/5ml",0.2727,"20mg",53.422516,-2.328288
"413","WASHWAY ROAD MEDICAL CENTRE","Omeprazole_Tab Disper 20mg (E/C Pellets)",0.4971429,"20mg",53.422516,-2.328288
"414","WASHWAY ROAD MEDICAL CENTRE","Omeprazole_Tab E/C 20mg",0.213,"20mg",53.422516,-2.328288
"415","WASHWAY ROAD MEDICAL CENTRE","Pantoprazole_Tab E/C 20mg",0.1303571,"20mg",53.422516,-2.328288
"416","WASHWAY ROAD MEDICAL CENTRE","Rabeprazole Sod_Tab E/C 20mg",0.0521429,"20mg",53.422516,-2.328288
"417","WEST TIMPERLEY MEDICAL CENTRE","Emozul_Cap E/C 20mg",0.0778571,"20mg",53.402699,-2.353117
"418","WEST TIMPERLEY MEDICAL CENTRE","Esomeprazole_Cap E/C 20mg",0.0664286,"20mg",53.402699,-2.353117
"419","WEST TIMPERLEY MEDICAL CENTRE","Esomeprazole_Tab E/C 20mg",0.0767857,"20mg",53.402699,-2.353117
"420","WEST TIMPERLEY MEDICAL CENTRE","Omeprazole_Cap E/C 20mg",0.02973515,"20mg",53.402699,-2.353117
"421","WEST TIMPERLEY MEDICAL CENTRE","Omeprazole_Tab Disper 20mg (E/C Pellets)",0.4971429,"20mg",53.402699,-2.353117
"422","WEST TIMPERLEY MEDICAL CENTRE","Omeprazole_Tab E/C 20mg",0.2132143,"20mg",53.402699,-2.353117
"423","WEST TIMPERLEY MEDICAL CENTRE","Pantoprazole_Tab E/C 20mg",0.1303571,"20mg",53.402699,-2.353117
"424","ALTRINCHAM MEDICAL PRACTICE","Ranitidine HCl_Tab 300mg",0.0359738,"300mg",53.38451,-2.351614
"425","BARRINGTON MEDICAL CENTRE","Ranitidine HCl_Tab 300mg",0.035964275,"300mg",53.395191,-2.35098
"426","BODMIN ROAD HEALTH CENTRE","Nizatidine_Cap 300mg",0.5142857,"300mg",53.428123,-2.351718
"427","BODMIN ROAD HEALTH CENTRE","Ranitidine HCl_Tab 300mg",0.0360357,"300mg",53.428123,-2.351718
"428","BOUNDARY HOUSE MEDICAL CENTRE","Ranitidine HCl_Tab 300mg",0.0359761833333333,"300mg",53.415635,-2.288936
"429","BROOKS BAR MEDICAL CENTRE","Ranitidine HCl_Tab 300mg",0.0359047666666667,"300mg",53.459478,-2.258524
"430","CONWAY ROAD MEDICAL PRACTICE","Ranitidine HCl_Tab 300mg",0.03595714,"300mg",53.417873,-2.303561
"431","DAVYHULME MEDICAL CENTRE","Ranitidine HCl_Tab 300mg",0.03597142,"300mg",53.459483,-2.366782
"432","DELAMERE MEDICAL PRACTICE","Ranitidine HCl_Tab 300mg",0.0359,"300mg",53.450887,-2.307365
"433","DERBYSHIRE ROAD SOUTH SURGERY","Ranitidine HCl_Tab 300mg",0.03585715,"300mg",53.416957,-2.310144
"434","FAMILY SURGERY","Ranitidine HCl_Tab 300mg",0.036,"300mg",53.396194,-2.346055
"435","FIRSWAY HEALTH CENTRE","Ranitidine HCl_Tab 300mg",0.03596784,"300mg",53.421289,-2.355468
"436","FLIXTON ROAD MEDICAL CENTRE","Ranitidine HCl_Tab 300mg",0.035946425,"300mg",53.448267,-2.362664
"437","GLOUCESTER HOUSE MEDICAL CENTRE","Ranitidine HCl_Tab 300mg",0.035946425,"300mg",53.447337,-2.352599
"438","GORSE HILL MEDICAL CENTRE","Ranitidine HCl_Tab 300mg",0.03597142,"300mg",53.455651,-2.296647
"439","GROVE MEDICAL PRACTICE","Ranitidine HCl_Tab 300mg",0.03599105,"300mg",53.397228,-2.323566
"440","LOSTOCK MEDICAL CENTRE","Ranitidine HCl_Tab 300mg",0.0359285666666667,"300mg",53.45458,-2.328128
"441","NORTH TRAFFORD GROUP PRACTICE","Ranitidine HCl_Tab 300mg",0.0360357,"300mg",53.453882,-2.299481
"442","OLD TRAFFORD MEDICAL PRACTICE","Ranitidine HCl_Tab 300mg",0.0360476,"300mg",53.458074,-2.275745
"443","PARK MEDICAL PRACTICE","Ranitidine HCl_Tab 300mg",0.03589285,"300mg",53.401899,-2.327843
"444","PARTINGTON CENTRAL SURGERY","Ranitidine HCl_Tab 300mg",0.0359285666666667,"300mg",53.416781,-2.425016
"445","PARTINGTON FAMILY PRACTICE","Ranitidine HCl_Tab 300mg",0.036,"300mg",53.417437,-2.425053
"446","PRIMROSE SURGERY","Ranitidine HCl_Tab 300mg",0.0359761833333333,"300mg",53.456159,-2.357311
"447","RIDDINGS FAMILY HEALTH CENTRE","Ranitidine HCl_Tab 300mg",0.0360238,"300mg",53.404424,-2.331291
"448","SHAY LANE MEDICAL CENTRE (KELMAN)","Nizatidine_Cap 300mg",0.5139643,"300mg",53.372189,-2.31556
"449","SHAY LANE MEDICAL CENTRE (KELMAN)","Ranitidine HCl_Tab 300mg",0.036,"300mg",53.372189,-2.31556
"450","SHAY LANE MEDICAL CENTRE (PATEL)","Ranitidine HCl_Tab 300mg",0.0360357,"300mg",53.372189,-2.31556
"451","ST JOHNS MEDICAL CENTRE","Ranitidine HCl_Tab 300mg",0.0359732,"300mg",53.38276,-2.353809
"452","TIMPERLEY HEALTH CENTRE (WESTWOOD)","Ranitidine HCl_Tab 300mg",0.0360357,"300mg",53.397228,-2.323566
"453","TRAFFORD HEALTH CENTRE","Ranitidine HCl_Tab 300mg",0.0360238,"300mg",53.45406,-2.370681
"454","URMSTON GROUP PRACTICE","Ranitidine HCl_Tab 300mg",0.035946425,"300mg",53.452491,-2.394066
"455","VILLAGE SURGERY","Ranitidine HCl_Tab 300mg",0.0359619,"300mg",53.397228,-2.323566
"456","WASHWAY ROAD MEDICAL CENTRE","Ranitidine HCl_Tab 300mg",0.03597142,"300mg",53.422516,-2.328288
"457","WEST TIMPERLEY MEDICAL CENTRE","Ranitidine HCl_Tab 300mg",0.0360238,"300mg",53.402699,-2.353117
"458","ALTRINCHAM MEDICAL PRACTICE","Lansoprazole_Cap 30mg (E/C Gran)",0.03607142,"30mg",53.38451,-2.351614
"459","ALTRINCHAM MEDICAL PRACTICE","Lansoprazole_Orodisper Tab 30mg",0.1521429,"30mg",53.38451,-2.351614
"460","BARRINGTON MEDICAL CENTRE","Lansoprazole_Cap 30mg (E/C Gran)",0.035982125,"30mg",53.395191,-2.35098
"461","BARRINGTON MEDICAL CENTRE","Lansoprazole_Orodisper Tab 30mg",0.1525,"30mg",53.395191,-2.35098
"462","BARRINGTON MEDICAL CENTRE","Zoton_FasTab Tab 30mg",0.1964286,"30mg",53.395191,-2.35098
"463","BODMIN ROAD HEALTH CENTRE","Lansoprazole_Cap 30mg (E/C Gran)",0.0360714166666667,"30mg",53.428123,-2.351718
"464","BODMIN ROAD HEALTH CENTRE","Lansoprazole_Orodisper Tab 30mg",0.152380966666667,"30mg",53.428123,-2.351718
"465","BOUNDARY HOUSE MEDICAL CENTRE","Lansoprazole_Cap 30mg (E/C Gran)",0.0360034,"30mg",53.415635,-2.288936
"466","BOUNDARY HOUSE MEDICAL CENTRE","Lansoprazole_Orodisper Tab 30mg",0.15228574,"30mg",53.415635,-2.288936
"467","BOUNDARY HOUSE MEDICAL CENTRE","Zoton_FasTab Tab 30mg",0.1964286,"30mg",53.415635,-2.288936
"468","BROOKS BAR MEDICAL CENTRE","Lansoprazole_Cap 30mg (E/C Gran)",0.0360912666666667,"30mg",53.459478,-2.258524
"469","BROOKS BAR MEDICAL CENTRE","Lansoprazole_Orodisper Tab 30mg",0.1521429,"30mg",53.459478,-2.258524
"470","BROOKS BAR MEDICAL CENTRE","Zoton_FasTab Tab 30mg",0.1964286,"30mg",53.459478,-2.258524
"471","CONWAY ROAD MEDICAL PRACTICE","Lansoprazole_Cap 30mg (E/C Gran)",0.0360714166666667,"30mg",53.417873,-2.303561
"472","CONWAY ROAD MEDICAL PRACTICE","Lansoprazole_Orodisper Tab 30mg",0.1521429,"30mg",53.417873,-2.303561
"473","DAVYHULME MEDICAL CENTRE","Lansoprazole_Cap 30mg (E/C Gran)",0.0359353714285714,"30mg",53.459483,-2.366782
"474","DAVYHULME MEDICAL CENTRE","Lansoprazole_Orodisper Tab 30mg",0.15232145,"30mg",53.459483,-2.366782
"475","DAVYHULME MEDICAL CENTRE","Zoton_FasTab Tab 30mg",0.1964286,"30mg",53.459483,-2.366782
"476","DELAMERE MEDICAL PRACTICE","Lansoprazole_Cap 30mg (E/C Gran)",0.0360990125,"30mg",53.450887,-2.307365
"477","DELAMERE MEDICAL PRACTICE","Lansoprazole_Orodisper Tab 30mg",0.15232145,"30mg",53.450887,-2.307365
"478","DELAMERE MEDICAL PRACTICE","Zoton_FasTab Tab 30mg",0.1964286,"30mg",53.450887,-2.307365
"479","DERBYSHIRE ROAD SOUTH SURGERY","Lansoprazole_Cap 30mg (E/C Gran)",0.0360714166666667,"30mg",53.416957,-2.310144
"480","DERBYSHIRE ROAD SOUTH SURGERY","Lansoprazole_Orodisper Tab 30mg",0.1521429,"30mg",53.416957,-2.310144
"481","FAMILY SURGERY","Lansoprazole_Cap 30mg (E/C Gran)",0.0359523666666667,"30mg",53.396194,-2.346055
"482","FAMILY SURGERY","Lansoprazole_Orodisper Tab 30mg",0.1521429,"30mg",53.396194,-2.346055
"483","FAMILY SURGERY","Zoton_FasTab Tab 30mg",0.1964286,"30mg",53.396194,-2.346055
"484","FIRSWAY HEALTH CENTRE","Lansoprazole_Cap 30mg (E/C Gran)",0.03599998,"30mg",53.421289,-2.355468
"485","FIRSWAY HEALTH CENTRE","Lansoprazole_Orodisper Tab 30mg",0.1521429,"30mg",53.421289,-2.355468
"486","FIRSWAY HEALTH CENTRE","Zoton_FasTab Tab 30mg",0.196396833333333,"30mg",53.421289,-2.355468
"487","FLIXTON ROAD MEDICAL CENTRE","Lansoprazole_Cap 30mg (E/C Gran)",0.0359857,"30mg",53.448267,-2.362664
"488","FLIXTON ROAD MEDICAL CENTRE","Lansoprazole_Orodisper Tab 30mg",0.152380966666667,"30mg",53.448267,-2.362664
"489","GLOUCESTER HOUSE MEDICAL CENTRE","Lansoprazole_Cap 30mg (E/C Gran)",0.03607142,"30mg",53.447337,-2.352599
"490","GLOUCESTER HOUSE MEDICAL CENTRE","Lansoprazole_Orodisper Tab 30mg",0.1521429,"30mg",53.447337,-2.352599
"491","GORSE HILL MEDICAL CENTRE","Lansoprazole_Cap 30mg (E/C Gran)",0.03605714,"30mg",53.455651,-2.296647
"492","GORSE HILL MEDICAL CENTRE","Lansoprazole_Orodisper Tab 30mg",0.1525,"30mg",53.455651,-2.296647
"493","GORSE HILL MEDICAL CENTRE","Zoton_FasTab Tab 30mg",0.1964286,"30mg",53.455651,-2.296647
"494","GROVE MEDICAL PRACTICE","Lansoprazole_Cap 30mg (E/C Gran)",0.0360714166666667,"30mg",53.397228,-2.323566
"495","GROVE MEDICAL PRACTICE","Lansoprazole_Orodisper Tab 30mg",0.1521429,"30mg",53.397228,-2.323566
"496","LOSTOCK MEDICAL CENTRE","Lansoprazole_Cap 30mg (E/C Gran)",0.0360714166666667,"30mg",53.45458,-2.328128
"497","LOSTOCK MEDICAL CENTRE","Lansoprazole_Orodisper Tab 30mg",0.152380966666667,"30mg",53.45458,-2.328128
"498","LOSTOCK MEDICAL CENTRE","Zoton_FasTab Tab 30mg",0.1964286,"30mg",53.45458,-2.328128
"499","NORTH TRAFFORD GROUP PRACTICE","Lansoprazole_Cap 30mg (E/C Gran)",0.03607142,"30mg",53.453882,-2.299481
"500","NORTH TRAFFORD GROUP PRACTICE","Lansoprazole_Orodisper Tab 30mg",0.152380966666667,"30mg",53.453882,-2.299481
"501","OLD TRAFFORD MEDICAL PRACTICE","Lansoprazole_Cap 30mg (E/C Gran)",0.03607142,"30mg",53.458074,-2.275745
"502","OLD TRAFFORD MEDICAL PRACTICE","Lansoprazole_Orodisper Tab 30mg",0.1525,"30mg",53.458074,-2.275745
"503","PARK MEDICAL PRACTICE","Lansoprazole_Cap 30mg (E/C Gran)",0.03607142,"30mg",53.401899,-2.327843
"504","PARK MEDICAL PRACTICE","Lansoprazole_Orodisper Tab 30mg",0.152380966666667,"30mg",53.401899,-2.327843
"505","PARK MEDICAL PRACTICE","Zoton_FasTab Tab 30mg",0.1964286,"30mg",53.401899,-2.327843
"506","PARTINGTON CENTRAL SURGERY","Lansoprazole_Cap 30mg (E/C Gran)",0.0360476166666667,"30mg",53.416781,-2.425016
"507","PARTINGTON CENTRAL SURGERY","Lansoprazole_Orodisper Tab 30mg",0.1521429,"30mg",53.416781,-2.425016
"508","PARTINGTON FAMILY PRACTICE","Lansoprazole_Cap 30mg (E/C Gran)",0.0360357,"30mg",53.417437,-2.425053
"509","PARTINGTON FAMILY PRACTICE","Lansoprazole_Orodisper Tab 30mg",0.15232145,"30mg",53.417437,-2.425053
"510","PARTINGTON FAMILY PRACTICE","Zoton_FasTab Tab 30mg",0.1964286,"30mg",53.417437,-2.425053
"511","PRIMROSE SURGERY","Lansoprazole_Cap 30mg (E/C Gran)",0.03607142,"30mg",53.456159,-2.357311
"512","PRIMROSE SURGERY","Lansoprazole_Orodisper Tab 30mg",0.152380966666667,"30mg",53.456159,-2.357311
"513","RIDDINGS FAMILY HEALTH CENTRE","Lansoprazole_Cap 30mg (E/C Gran)",0.0359523666666667,"30mg",53.404424,-2.331291
"514","RIDDINGS FAMILY HEALTH CENTRE","Lansoprazole_Orodisper Tab 30mg",0.1521429,"30mg",53.404424,-2.331291
"515","SHAY LANE MEDICAL CENTRE (KELMAN)","Lansoprazole_Cap 30mg (E/C Gran)",0.0361607,"30mg",53.372189,-2.31556
"516","SHAY LANE MEDICAL CENTRE (KELMAN)","Lansoprazole_Orodisper Tab 30mg",0.1521429,"30mg",53.372189,-2.31556
"517","SHAY LANE MEDICAL CENTRE (PATEL)","Lansoprazole_Cap 30mg (E/C Gran)",0.03599998,"30mg",53.372189,-2.31556
"518","SHAY LANE MEDICAL CENTRE (PATEL)","Lansoprazole_Orodisper Tab 30mg",0.1521429,"30mg",53.372189,-2.31556
"519","ST JOHNS MEDICAL CENTRE","Lansoprazole_Cap 30mg (E/C Gran)",0.0360714166666667,"30mg",53.38276,-2.353809
"520","ST JOHNS MEDICAL CENTRE","Lansoprazole_Orodisper Tab 30mg",0.152380966666667,"30mg",53.38276,-2.353809
"521","TIMPERLEY HEALTH CENTRE (WESTWOOD)","Lansoprazole_Cap 30mg (E/C Gran)",0.0360714142857143,"30mg",53.397228,-2.323566
"522","TIMPERLEY HEALTH CENTRE (WESTWOOD)","Lansoprazole_Orodisper Tab 30mg",0.1521429,"30mg",53.397228,-2.323566
"523","TRAFFORD HEALTH CENTRE","Lansoprazole_Cap 30mg (E/C Gran)",0.036071425,"30mg",53.45406,-2.370681
"524","TRAFFORD HEALTH CENTRE","Lansoprazole_Orodisper Tab 30mg",0.1521429,"30mg",53.45406,-2.370681
"525","TRAFFORD HEALTH CENTRE WIC","Lansoprazole_Cap 30mg (E/C Gran)",0.03625,"30mg",53.45406,-2.370681
"526","URMSTON GROUP PRACTICE","Lansoprazole_Cap 30mg (E/C Gran)",0.03606904,"30mg",53.452491,-2.394066
"527","URMSTON GROUP PRACTICE","Lansoprazole_Orodisper Tab 30mg",0.1521429,"30mg",53.452491,-2.394066
"528","URMSTON GROUP PRACTICE","Zoton_FasTab Tab 30mg",0.1964286,"30mg",53.452491,-2.394066
"529","VILLAGE SURGERY","Lansoprazole_Cap 30mg (E/C Gran)",0.035982125,"30mg",53.397228,-2.323566
"530","VILLAGE SURGERY","Lansoprazole_Orodisper Tab 30mg",0.1525,"30mg",53.397228,-2.323566
"531","WASHWAY ROAD MEDICAL CENTRE","Lansoprazole_Cap 30mg (E/C Gran)",0.0360863,"30mg",53.422516,-2.328288
"532","WASHWAY ROAD MEDICAL CENTRE","Lansoprazole_Orodisper Tab 30mg",0.152107175,"30mg",53.422516,-2.328288
"533","WEST TIMPERLEY MEDICAL CENTRE","Lansoprazole_Cap 30mg (E/C Gran)",0.03607142,"30mg",53.402699,-2.353117
"534","WEST TIMPERLEY MEDICAL CENTRE","Lansoprazole_Orodisper Tab 30mg",0.1521429,"30mg",53.402699,-2.353117
"535","SHAY LANE MEDICAL CENTRE (PATEL)","Cimetidine_Tab 400mg",0.2651667,"400mg",53.372189,-2.31556
"536","ALTRINCHAM MEDICAL PRACTICE","Esomeprazole_Tab E/C 40mg",0.101190466666667,"40mg",53.38451,-2.351614
"537","ALTRINCHAM MEDICAL PRACTICE","Omeprazole_Cap E/C 40mg",0.0885714,"40mg",53.38451,-2.351614
"538","ALTRINCHAM MEDICAL PRACTICE","Omeprazole_Tab Disper 40mg (E/C Pellets)",0.9942857,"40mg",53.38451,-2.351614
"539","ALTRINCHAM MEDICAL PRACTICE","Pantoprazole_Tab E/C 40mg",0.2057143,"40mg",53.38451,-2.351614
"540","BARRINGTON MEDICAL CENTRE","Esomeprazole_Cap E/C 40mg",0.0810714,"40mg",53.395191,-2.35098
"541","BARRINGTON MEDICAL CENTRE","Esomeprazole_Tab E/C 40mg",0.101190466666667,"40mg",53.395191,-2.35098
"542","BARRINGTON MEDICAL CENTRE","Omeprazole_Cap E/C 40mg",0.0885714,"40mg",53.395191,-2.35098
"543","BARRINGTON MEDICAL CENTRE","Pantoprazole_Tab E/C 40mg",0.2057143,"40mg",53.395191,-2.35098
"544","BODMIN ROAD HEALTH CENTRE","Esomeprazole_Cap E/C 40mg",0.0810714,"40mg",53.428123,-2.351718
"545","BODMIN ROAD HEALTH CENTRE","Esomeprazole_Tab E/C 40mg",0.1010119,"40mg",53.428123,-2.351718
"546","BODMIN ROAD HEALTH CENTRE","Omeprazole_Cap E/C 40mg",0.0885714,"40mg",53.428123,-2.351718
"547","BODMIN ROAD HEALTH CENTRE","Omeprazole_Tab E/C 40mg",0.8814286,"40mg",53.428123,-2.351718
"548","BODMIN ROAD HEALTH CENTRE","Pantoprazole_Tab E/C 40mg",0.2057143,"40mg",53.428123,-2.351718
"549","BOUNDARY HOUSE MEDICAL CENTRE","Esomeprazole_Cap E/C 40mg",0.0810714,"40mg",53.415635,-2.288936
"550","BOUNDARY HOUSE MEDICAL CENTRE","Esomeprazole_Tab E/C 40mg",0.10121428,"40mg",53.415635,-2.288936
"551","BOUNDARY HOUSE MEDICAL CENTRE","Nexium_Tab 40mg",0.8996429,"40mg",53.415635,-2.288936
"552","BOUNDARY HOUSE MEDICAL CENTRE","Omeprazole_Cap E/C 40mg",0.0885714,"40mg",53.415635,-2.288936
"553","BOUNDARY HOUSE MEDICAL CENTRE","Pantoprazole_Tab E/C 40mg",0.2057143,"40mg",53.415635,-2.288936
"554","BROOKS BAR MEDICAL CENTRE","Esomeprazole_Cap E/C 40mg",0.0810714,"40mg",53.459478,-2.258524
"555","BROOKS BAR MEDICAL CENTRE","Esomeprazole_Tab E/C 40mg",0.10125,"40mg",53.459478,-2.258524
"556","BROOKS BAR MEDICAL CENTRE","Nexium_Tab 40mg",0.8996429,"40mg",53.459478,-2.258524
"557","BROOKS BAR MEDICAL CENTRE","Omeprazole_Cap E/C 40mg",0.0885714,"40mg",53.459478,-2.258524
"558","BROOKS BAR MEDICAL CENTRE","Pantoprazole_Tab E/C 40mg",0.2057143,"40mg",53.459478,-2.258524
"559","CONWAY ROAD MEDICAL PRACTICE","Esomeprazole_Cap E/C 40mg",0.0810714,"40mg",53.417873,-2.303561
"560","CONWAY ROAD MEDICAL PRACTICE","Esomeprazole_Tab E/C 40mg",0.1010714,"40mg",53.417873,-2.303561
"561","CONWAY ROAD MEDICAL PRACTICE","Omeprazole_Cap E/C 40mg",0.0885714,"40mg",53.417873,-2.303561
"562","CONWAY ROAD MEDICAL PRACTICE","Pantoprazole_Tab E/C 40mg",0.2057143,"40mg",53.417873,-2.303561
"563","DAVYHULME MEDICAL CENTRE","Esomeprazole_Cap E/C 40mg",0.08125,"40mg",53.459483,-2.366782
"564","DAVYHULME MEDICAL CENTRE","Esomeprazole_Tab E/C 40mg",0.1011607,"40mg",53.459483,-2.366782
"565","DAVYHULME MEDICAL CENTRE","Omeprazole_Cap E/C 40mg",0.0885714,"40mg",53.459483,-2.366782
"566","DAVYHULME MEDICAL CENTRE","Omeprazole_Tab E/C 40mg",0.8814286,"40mg",53.459483,-2.366782
"567","DAVYHULME MEDICAL CENTRE","Pantoprazole_Tab E/C 40mg",0.2057143,"40mg",53.459483,-2.366782
"568","DELAMERE MEDICAL PRACTICE","Esomeprazole_Cap E/C 40mg",0.0811904666666667,"40mg",53.450887,-2.307365
"569","DELAMERE MEDICAL PRACTICE","Esomeprazole_Tab E/C 40mg",0.10121428,"40mg",53.450887,-2.307365
"570","DELAMERE MEDICAL PRACTICE","Nexium_Tab 40mg",0.8996429,"40mg",53.450887,-2.307365
"571","DELAMERE MEDICAL PRACTICE","Omeprazole_Cap E/C 40mg",0.0885714,"40mg",53.450887,-2.307365
"572","DELAMERE MEDICAL PRACTICE","Omeprazole_Tab Disper 40mg (E/C Pellets)",0.9942857,"40mg",53.450887,-2.307365
"573","DELAMERE MEDICAL PRACTICE","Pantoprazole_Tab E/C 40mg",0.2057143,"40mg",53.450887,-2.307365
"574","DERBYSHIRE ROAD SOUTH SURGERY","Esomeprazole_Cap E/C 40mg",0.0810714,"40mg",53.416957,-2.310144
"575","DERBYSHIRE ROAD SOUTH SURGERY","Esomeprazole_Tab E/C 40mg",0.1010714,"40mg",53.416957,-2.310144
"576","DERBYSHIRE ROAD SOUTH SURGERY","Omeprazole_Cap E/C 40mg",0.0885714,"40mg",53.416957,-2.310144
"577","DERBYSHIRE ROAD SOUTH SURGERY","Pantoprazole_Tab E/C 40mg",0.2057143,"40mg",53.416957,-2.310144
"578","FAMILY SURGERY","Esomeprazole_Tab E/C 40mg",0.1010714,"40mg",53.396194,-2.346055
"579","FAMILY SURGERY","Omeprazole_Cap E/C 40mg",0.0885714,"40mg",53.396194,-2.346055
"580","FIRSWAY HEALTH CENTRE","Esomeprazole_Cap E/C 40mg",0.0810714,"40mg",53.421289,-2.355468
"581","FIRSWAY HEALTH CENTRE","Esomeprazole_Tab E/C 40mg",0.10114284,"40mg",53.421289,-2.355468
"582","FIRSWAY HEALTH CENTRE","Losec_Cap E/C 40mg",1.1928571,"40mg",53.421289,-2.355468
"583","FIRSWAY HEALTH CENTRE","Omeprazole_Cap E/C 40mg",0.0885714,"40mg",53.421289,-2.355468
"584","FIRSWAY HEALTH CENTRE","Omeprazole_Tab Disper 40mg (E/C Pellets)",0.9942857,"40mg",53.421289,-2.355468
"585","FIRSWAY HEALTH CENTRE","Pantoprazole_Tab E/C 40mg",0.2057143,"40mg",53.421289,-2.355468
"586","FLIXTON ROAD MEDICAL CENTRE","Esomeprazole_Cap E/C 40mg",0.0811904666666667,"40mg",53.448267,-2.362664
"587","FLIXTON ROAD MEDICAL CENTRE","Esomeprazole_Tab E/C 40mg",0.10125,"40mg",53.448267,-2.362664
"588","FLIXTON ROAD MEDICAL CENTRE","Omeprazole_Cap E/C 40mg",0.0885714,"40mg",53.448267,-2.362664
"589","GLOUCESTER HOUSE MEDICAL CENTRE","Esomeprazole_Cap E/C 40mg",0.08116666,"40mg",53.447337,-2.352599
"590","GLOUCESTER HOUSE MEDICAL CENTRE","Esomeprazole_Tab E/C 40mg",0.10125,"40mg",53.447337,-2.352599
"591","GLOUCESTER HOUSE MEDICAL CENTRE","Omeprazole_Cap E/C 40mg",0.0885714,"40mg",53.447337,-2.352599
"592","GLOUCESTER HOUSE MEDICAL CENTRE","Pantoprazole_Tab E/C 40mg",0.2057143,"40mg",53.447337,-2.352599
"593","GORSE HILL MEDICAL CENTRE","Esomeprazole_Cap E/C 40mg",0.0810714,"40mg",53.455651,-2.296647
"594","GORSE HILL MEDICAL CENTRE","Esomeprazole_Tab E/C 40mg",0.101190466666667,"40mg",53.455651,-2.296647
"595","GORSE HILL MEDICAL CENTRE","Nexium_Tab 40mg",0.8996429,"40mg",53.455651,-2.296647
"596","GORSE HILL MEDICAL CENTRE","Pantoprazole_Tab E/C 40mg",0.2057143,"40mg",53.455651,-2.296647
"597","GROVE MEDICAL PRACTICE","Esomeprazole_Tab E/C 40mg",0.1010714,"40mg",53.397228,-2.323566
"598","GROVE MEDICAL PRACTICE","Nexium_Tab 40mg",0.8996429,"40mg",53.397228,-2.323566
"599","GROVE MEDICAL PRACTICE","Omeprazole_Cap E/C 40mg",0.0885714,"40mg",53.397228,-2.323566
"600","GROVE MEDICAL PRACTICE","Pantoprazole_Tab E/C 40mg",0.2057143,"40mg",53.397228,-2.323566
"601","LOSTOCK MEDICAL CENTRE","Esomeprazole_Cap E/C 40mg",0.08125,"40mg",53.45458,-2.328128
"602","LOSTOCK MEDICAL CENTRE","Esomeprazole_Tab E/C 40mg",0.101190466666667,"40mg",53.45458,-2.328128
"603","LOSTOCK MEDICAL CENTRE","Omeprazole_Cap E/C 40mg",0.0885714,"40mg",53.45458,-2.328128
"604","LOSTOCK MEDICAL CENTRE","Omeprazole_Tab E/C 40mg",0.8814286,"40mg",53.45458,-2.328128
"605","LOSTOCK MEDICAL CENTRE","Pantoprazole_Tab E/C 40mg",0.2057143,"40mg",53.45458,-2.328128
"606","NORTH TRAFFORD GROUP PRACTICE","Esomeprazole_Cap E/C 40mg",0.0810714,"40mg",53.453882,-2.299481
"607","NORTH TRAFFORD GROUP PRACTICE","Esomeprazole_Tab E/C 40mg",0.101190466666667,"40mg",53.453882,-2.299481
"608","NORTH TRAFFORD GROUP PRACTICE","Omeprazole_Cap E/C 40mg",0.0885714,"40mg",53.453882,-2.299481
"609","NORTH TRAFFORD GROUP PRACTICE","Pantoprazole_Tab E/C 40mg",0.2057143,"40mg",53.453882,-2.299481
"610","OLD TRAFFORD MEDICAL PRACTICE","Esomeprazole_Cap E/C 40mg",0.0810714,"40mg",53.458074,-2.275745
"611","OLD TRAFFORD MEDICAL PRACTICE","Esomeprazole_Tab E/C 40mg",0.1010714,"40mg",53.458074,-2.275745
"612","OLD TRAFFORD MEDICAL PRACTICE","Nexium_Tab 40mg",0.8996429,"40mg",53.458074,-2.275745
"613","OLD TRAFFORD MEDICAL PRACTICE","Omeprazole_Cap E/C 40mg",0.0885714,"40mg",53.458074,-2.275745
"614","OLD TRAFFORD MEDICAL PRACTICE","Pantoprazole_Tab E/C 40mg",0.2057143,"40mg",53.458074,-2.275745
"615","PARK MEDICAL PRACTICE","Esomeprazole_Tab E/C 40mg",0.1010714,"40mg",53.401899,-2.327843
"616","PARK MEDICAL PRACTICE","Omeprazole_Cap E/C 40mg",0.0885714,"40mg",53.401899,-2.327843
"617","PARK MEDICAL PRACTICE","Pantoprazole_Tab E/C 40mg",0.2057143,"40mg",53.401899,-2.327843
"618","PARTINGTON CENTRAL SURGERY","Emozul_Cap E/C 40mg",0.09964285,"40mg",53.416781,-2.425016
"619","PARTINGTON CENTRAL SURGERY","Esomeprazole_Tab E/C 40mg",0.101190466666667,"40mg",53.416781,-2.425016
"620","PARTINGTON CENTRAL SURGERY","Omeprazole_Cap E/C 40mg",0.0885714,"40mg",53.416781,-2.425016
"621","PARTINGTON CENTRAL SURGERY","Pantoprazole_Tab E/C 40mg",0.2057143,"40mg",53.416781,-2.425016
"622","PARTINGTON FAMILY PRACTICE","Emozul_Cap E/C 40mg",0.0992857,"40mg",53.417437,-2.425053
"623","PARTINGTON FAMILY PRACTICE","Esomeprazole_Tab E/C 40mg",0.10121428,"40mg",53.417437,-2.425053
"624","PARTINGTON FAMILY PRACTICE","Omeprazole_Cap E/C 40mg",0.0885714,"40mg",53.417437,-2.425053
"625","PARTINGTON FAMILY PRACTICE","Pantoprazole_Tab E/C 40mg",0.2057143,"40mg",53.417437,-2.425053
"626","PRIMROSE SURGERY","Esomeprazole_Cap E/C 40mg",0.08125,"40mg",53.456159,-2.357311
"627","PRIMROSE SURGERY","Esomeprazole_Tab E/C 40mg",0.10125,"40mg",53.456159,-2.357311
"628","PRIMROSE SURGERY","Omeprazole_Cap E/C 40mg",0.0885714,"40mg",53.456159,-2.357311
"629","PRIMROSE SURGERY","Pantoprazole_Tab E/C 40mg",0.2057143,"40mg",53.456159,-2.357311
"630","RIDDINGS FAMILY HEALTH CENTRE","Emozul_Cap E/C 40mg",0.09964285,"40mg",53.404424,-2.331291
"631","RIDDINGS FAMILY HEALTH CENTRE","Esomeprazole_Tab E/C 40mg",0.1010714,"40mg",53.404424,-2.331291
"632","RIDDINGS FAMILY HEALTH CENTRE","Omeprazole_Cap E/C 40mg",0.0885714,"40mg",53.404424,-2.331291
"633","RIDDINGS FAMILY HEALTH CENTRE","Omeprazole_Tab E/C 40mg",0.8814286,"40mg",53.404424,-2.331291
"634","SHAY LANE MEDICAL CENTRE (KELMAN)","Esomeprazole_Tab E/C 40mg",0.1010714,"40mg",53.372189,-2.31556
"635","SHAY LANE MEDICAL CENTRE (KELMAN)","Omeprazole_Cap E/C 40mg",0.0885714,"40mg",53.372189,-2.31556
"636","SHAY LANE MEDICAL CENTRE (KELMAN)","Pantoprazole_Tab E/C 40mg",0.2057143,"40mg",53.372189,-2.31556
"637","SHAY LANE MEDICAL CENTRE (PATEL)","Esomeprazole_Tab E/C 40mg",0.1010714,"40mg",53.372189,-2.31556
"638","SHAY LANE MEDICAL CENTRE (PATEL)","Omeprazole_Cap E/C 40mg",0.0885714,"40mg",53.372189,-2.31556
"639","SHAY LANE MEDICAL CENTRE (PATEL)","Pantoprazole_Tab E/C 40mg",0.2057143,"40mg",53.372189,-2.31556
"640","ST JOHNS MEDICAL CENTRE","Emozul_Cap E/C 40mg",0.0992857,"40mg",53.38276,-2.353809
"641","ST JOHNS MEDICAL CENTRE","Esomeprazole_Cap E/C 40mg",0.0810714,"40mg",53.38276,-2.353809
"642","ST JOHNS MEDICAL CENTRE","Esomeprazole_Tab E/C 40mg",0.1010714,"40mg",53.38276,-2.353809
"643","ST JOHNS MEDICAL CENTRE","Omeprazole_Cap E/C 40mg",0.0885714,"40mg",53.38276,-2.353809
"644","ST JOHNS MEDICAL CENTRE","Pantoprazole_Tab E/C 40mg",0.2057143,"40mg",53.38276,-2.353809
"645","TIMPERLEY HEALTH CENTRE (WESTWOOD)","Emozul_Cap E/C 40mg",0.0992857,"40mg",53.397228,-2.323566
"646","TIMPERLEY HEALTH CENTRE (WESTWOOD)","Esomeprazole_Cap E/C 40mg",0.0810714,"40mg",53.397228,-2.323566
"647","TIMPERLEY HEALTH CENTRE (WESTWOOD)","Esomeprazole_Tab E/C 40mg",0.10125,"40mg",53.397228,-2.323566
"648","TIMPERLEY HEALTH CENTRE (WESTWOOD)","Pantoprazole_Tab E/C 40mg",0.2057143,"40mg",53.397228,-2.323566
"649","TRAFFORD HEALTH CENTRE","Esomeprazole_Cap E/C 40mg",0.0814286,"40mg",53.45406,-2.370681
"650","TRAFFORD HEALTH CENTRE","Esomeprazole_Tab E/C 40mg",0.101190466666667,"40mg",53.45406,-2.370681
"651","TRAFFORD HEALTH CENTRE","Nexium_Tab 40mg",0.8996429,"40mg",53.45406,-2.370681
"652","TRAFFORD HEALTH CENTRE","Omeprazole_Cap E/C 40mg",0.0885714,"40mg",53.45406,-2.370681
"653","TRAFFORD HEALTH CENTRE","Omeprazole_Tab E/C 40mg",0.8814286,"40mg",53.45406,-2.370681
"654","TRAFFORD HEALTH CENTRE","Pantoprazole_Tab E/C 40mg",0.2057143,"40mg",53.45406,-2.370681
"655","TRAFFORD HEALTH CENTRE WIC","Omeprazole_Tab E/C 40mg",0.8814286,"40mg",53.45406,-2.370681
"656","URMSTON GROUP PRACTICE","Emozul_Cap E/C 40mg",0.0992857,"40mg",53.452491,-2.394066
"657","URMSTON GROUP PRACTICE","Esomeprazole_Cap E/C 40mg",0.0810714,"40mg",53.452491,-2.394066
"658","URMSTON GROUP PRACTICE","Esomeprazole_Tab E/C 40mg",0.1011607,"40mg",53.452491,-2.394066
"659","URMSTON GROUP PRACTICE","Nexium_Tab 40mg",0.8996429,"40mg",53.452491,-2.394066
"660","URMSTON GROUP PRACTICE","Omeprazole_Cap E/C 40mg",0.0885714,"40mg",53.452491,-2.394066
"661","URMSTON GROUP PRACTICE","Pantoprazole_Tab E/C 40mg",0.2057143,"40mg",53.452491,-2.394066
"662","VILLAGE SURGERY","Esomeprazole_Cap E/C 40mg",0.0810714,"40mg",53.397228,-2.323566
"663","VILLAGE SURGERY","Esomeprazole_Tab E/C 40mg",0.101190466666667,"40mg",53.397228,-2.323566
"664","VILLAGE SURGERY","Nexium_Tab 40mg",0.9,"40mg",53.397228,-2.323566
"665","VILLAGE SURGERY","Omeprazole_Cap E/C 40mg",0.0885714,"40mg",53.397228,-2.323566
"666","VILLAGE SURGERY","Pantoprazole_Tab E/C 40mg",0.2057143,"40mg",53.397228,-2.323566
"667","WASHWAY ROAD MEDICAL CENTRE","Esomeprazole_Cap E/C 40mg",0.0810714,"40mg",53.422516,-2.328288
"668","WASHWAY ROAD MEDICAL CENTRE","Esomeprazole_Tab E/C 40mg",0.101130933333333,"40mg",53.422516,-2.328288
"669","WASHWAY ROAD MEDICAL CENTRE","Nexium_Tab 40mg",0.8996429,"40mg",53.422516,-2.328288
"670","WASHWAY ROAD MEDICAL CENTRE","Omeprazole_Cap E/C 40mg",0.0885714,"40mg",53.422516,-2.328288
"671","WASHWAY ROAD MEDICAL CENTRE","Pantoprazole_Tab E/C 40mg",0.2057143,"40mg",53.422516,-2.328288
"672","WEST TIMPERLEY MEDICAL CENTRE","Esomeprazole_Cap E/C 40mg",0.0810714,"40mg",53.402699,-2.353117
"673","WEST TIMPERLEY MEDICAL CENTRE","Esomeprazole_Tab E/C 40mg",0.1010714,"40mg",53.402699,-2.353117
"674","WEST TIMPERLEY MEDICAL CENTRE","Omeprazole_Cap E/C 40mg",0.0885714,"40mg",53.402699,-2.353117
"675","WEST TIMPERLEY MEDICAL CENTRE","Pantoprazole_Tab E/C 40mg",0.2057143,"40mg",53.402699,-2.353117
"676","URMSTON GROUP PRACTICE","Pirenzepine_Tab 50mg",2.8714286,"50mg",53.452491,-2.394066
"677","DERBYSHIRE ROAD SOUTH SURGERY","Omeprazole_Oral Susp 5mg/5ml",0.426,"5mg",53.416957,-2.310144
"678","FAMILY SURGERY","Omeprazole_Oral Susp 5mg/5ml",0.228,"5mg",53.396194,-2.346055
"679","ST JOHNS MEDICAL CENTRE","Omeprazole_Oral Susp 5mg/5ml",0.129,"5mg",53.38276,-2.353809
"680","ALTRINCHAM MEDICAL PRACTICE","Ranitidine HCl_Oral Soln 75mg/5ml S/F",0.0213,"75mg",53.38451,-2.351614
"681","BODMIN ROAD HEALTH CENTRE","Ranitidine HCl_Oral Soln 75mg/5ml S/F",0.0213,"75mg",53.428123,-2.351718
"682","BODMIN ROAD HEALTH CENTRE","Ranitidine HCl_Tab 75mg",0.1615,"75mg",53.428123,-2.351718
"683","BOUNDARY HOUSE MEDICAL CENTRE","Ranitidine HCl_Oral Soln 75mg/5ml S/F",0.0213,"75mg",53.415635,-2.288936
"684","CONWAY ROAD MEDICAL PRACTICE","Ranitidine HCl_Tab 75mg",0.1614286,"75mg",53.417873,-2.303561
"685","DAVYHULME MEDICAL CENTRE","Ranitidine HCl_Oral Soln 75mg/5ml S/F",0.0213,"75mg",53.459483,-2.366782
"686","DAVYHULME MEDICAL CENTRE","Ranitidine HCl_Tab 75mg",0.1614286,"75mg",53.459483,-2.366782
"687","DELAMERE MEDICAL PRACTICE","Ranitidine HCl_Oral Soln 75mg/5ml S/F",0.0213,"75mg",53.450887,-2.307365
"688","DELAMERE MEDICAL PRACTICE","Ranitidine HCl_Tab 75mg",0.1614286,"75mg",53.450887,-2.307365
"689","DERBYSHIRE ROAD SOUTH SURGERY","Ranitidine HCl_Oral Soln 75mg/5ml S/F",0.0213,"75mg",53.416957,-2.310144
"690","FIRSWAY HEALTH CENTRE","Ranitidine HCl_Oral Soln 75mg/5ml S/F",0.0213,"75mg",53.421289,-2.355468
"691","FIRSWAY HEALTH CENTRE","Ranitidine HCl_Tab 75mg",0.1614286,"75mg",53.421289,-2.355468
"692","FLIXTON ROAD MEDICAL CENTRE","Ranitidine HCl_Oral Soln 75mg/5ml S/F",0.0213,"75mg",53.448267,-2.362664
"693","GLOUCESTER HOUSE MEDICAL CENTRE","Ranitidine HCl_Oral Soln 75mg/5ml S/F",0.0213,"75mg",53.447337,-2.352599
"694","GORSE HILL MEDICAL CENTRE","Ranitidine HCl_Oral Soln 75mg/5ml S/F",0.0213,"75mg",53.455651,-2.296647
"695","GROVE MEDICAL PRACTICE","Ranitidine HCl_Oral Soln 75mg/5ml S/F",0.0213,"75mg",53.397228,-2.323566
"696","LOSTOCK MEDICAL CENTRE","Ranitidine HCl_Oral Soln 75mg/5ml S/F",0.0213,"75mg",53.45458,-2.328128
"697","NORTH TRAFFORD GROUP PRACTICE","Ranitidine HCl_Oral Soln 75mg/5ml S/F",0.0213,"75mg",53.453882,-2.299481
"698","OLD TRAFFORD MEDICAL PRACTICE","Ranitidine HCl_Oral Soln 75mg/5ml S/F",0.0213,"75mg",53.458074,-2.275745
"699","PARK MEDICAL PRACTICE","Ranitidine HCl_Oral Soln 75mg/5ml S/F",0.0213,"75mg",53.401899,-2.327843
"700","PARTINGTON CENTRAL SURGERY","Ranitidine HCl_Oral Soln 75mg/5ml S/F",0.0213,"75mg",53.416781,-2.425016
"701","PARTINGTON CENTRAL SURGERY","Ranitidine HCl_Tab 75mg",0.1614286,"75mg",53.416781,-2.425016
"702","PARTINGTON FAMILY PRACTICE","Ranitidine HCl_Oral Soln 75mg/5ml S/F",0.0213,"75mg",53.417437,-2.425053
"703","PRIMROSE SURGERY","Ranitidine HCl_Oral Soln 75mg/5ml S/F",0.0213,"75mg",53.456159,-2.357311
"704","PRIMROSE SURGERY","Ranitidine HCl_Tab 75mg",0.1614286,"75mg",53.456159,-2.357311
"705","SHAY LANE MEDICAL CENTRE (KELMAN)","Ranitidine HCl_Oral Soln 75mg/5ml S/F",0.0214,"75mg",53.372189,-2.31556
"706","SHAY LANE MEDICAL CENTRE (PATEL)","Ranitidine HCl_Oral Soln 75mg/5ml S/F",0.0213,"75mg",53.372189,-2.31556
"707","ST JOHNS MEDICAL CENTRE","Ranitidine HCl_Oral Soln 75mg/5ml S/F",0.0213111,"75mg",53.38276,-2.353809
"708","TIMPERLEY HEALTH CENTRE (WESTWOOD)","Ranitidine HCl_Oral Soln 75mg/5ml S/F",0.0213,"75mg",53.397228,-2.323566
"709","TRAFFORD HEALTH CENTRE","Ranitidine HCl_Oral Soln 75mg/5ml S/F",0.0213018,"75mg",53.45406,-2.370681
"710","URMSTON GROUP PRACTICE","Ranitidine HCl_Oral Soln 75mg/5ml S/F",0.0213012,"75mg",53.452491,-2.394066
"711","VILLAGE SURGERY","Ranitidine HCl_Oral Soln 75mg/5ml S/F",0.0213,"75mg",53.397228,-2.323566
"712","WASHWAY ROAD MEDICAL CENTRE","Ranitidine HCl_Oral Soln 75mg/5ml S/F",0.021325,"75mg",53.422516,-2.328288
"713","WEST TIMPERLEY MEDICAL CENTRE","Ranitidine HCl_Oral Soln 75mg/5ml S/F",0.0213,"75mg",53.402699,-2.353117
